2024-10-19 06:41:18.297933,28-abde55096461,28.812,83.86160000000001
2024-10-19 06:41:21.099537,28-abde55096461,28.812,83.86160000000001
2024-10-19 06:41:23.915960,28-abde55096461,28.812,83.86160000000001
2024-10-19 06:43:40.149837,28-abde55096461,28.812,83.86160000000001
2024-10-19 06:43:42.955280,28-abde55096461,28.812,83.86160000000001
2024-10-19 06:43:45.771505,28-abde55096461,28.812,83.86160000000001
2024-10-19 06:44:03.787979,28-abde55096461,28.812,83.86160000000001
2024-10-19 06:44:06.603384,28-abde55096461,28.812,83.86160000000001
2024-10-19 06:44:09.419871,28-abde55096461,28.812,83.86160000000001
2024-10-19 06:50:38.695441,28-abde55096461,28.875,83.975
2024-10-19 06:50:41.515436,28-abde55096461,28.875,83.975
2024-10-19 06:56:49.950237,28-abde55096461,28.875,83.975
2024-10-19 06:56:52.783325,28-abde55096461,28.937,84.0866
2024-10-19 06:56:55.595631,28-abde55096461,28.937,84.0866
2024-10-19 06:56:58.411785,28-abde55096461,28.937,84.0866
2024-10-19 06:57:01.228079,28-abde55096461,28.875,83.975
2024-10-19 06:57:04.051509,28-abde55096461,28.937,84.0866
2024-10-19 06:57:06.860019,28-abde55096461,28.937,84.0866
2024-10-19 06:57:09.682315,28-abde55096461,28.937,84.0866
2024-10-19 06:57:12.492413,28-abde55096461,28.875,83.975
2024-10-19 06:57:15.313392,28-abde55096461,28.875,83.975
2024-10-19 06:57:18.128886,28-abde55096461,28.937,84.0866
2024-10-19 06:57:20.944196,28-abde55096461,28.875,83.975
2024-10-19 06:57:23.755258,28-abde55096461,28.875,83.975
2024-10-19 06:57:26.575840,28-abde55096461,28.937,84.0866
2024-10-19 06:57:29.397695,28-abde55096461,28.875,83.975
2024-10-19 06:57:32.203355,28-abde55096461,28.937,84.0866
2024-10-19 06:57:35.025949,28-abde55096461,28.937,84.0866
2024-10-19 06:57:37.836355,28-abde55096461,28.937,84.0866
2024-10-19 06:58:24.930125,28-abde55096461,28.937,84.0866
2024-10-19 06:58:27.755313,28-abde55096461,28.875,83.975
2024-10-19 06:58:30.571417,28-abde55096461,28.937,84.0866
2024-10-19 06:58:33.388235,28-abde55096461,28.937,84.0866
2024-10-19 06:58:36.203547,28-abde55096461,28.937,84.0866
2024-10-19 06:58:39.026533,28-abde55096461,28.937,84.0866
2024-10-19 06:58:41.835680,28-abde55096461,28.937,84.0866
2024-10-19 06:58:44.651881,28-abde55096461,28.937,84.0866
2024-10-19 06:58:47.467811,28-abde55096461,28.937,84.0866
2024-10-19 06:58:50.288485,28-abde55096461,28.937,84.0866
2024-10-19 06:58:53.099579,28-abde55096461,28.937,84.0866
2024-10-19 06:58:55.923076,28-abde55096461,28.937,84.0866
2024-10-19 06:58:58.732430,28-abde55096461,28.937,84.0866
2024-10-19 07:00:42.170692,28-abde55096461,29.0,84.2
2024-10-19 07:00:44.971340,28-abde55096461,29.0,84.2
2024-10-19 07:00:47.787355,28-abde55096461,29.0,84.2
2024-10-19 07:00:50.608077,28-abde55096461,29.0,84.2
2024-10-19 07:00:53.420242,28-abde55096461,29.0,84.2
2024-10-19 07:00:56.237227,28-abde55096461,29.0,84.2
2024-10-19 07:00:59.052355,28-abde55096461,29.0,84.2
2024-10-19 07:01:01.872022,28-abde55096461,28.937,84.0866
2024-10-19 07:09:15.963615,28-abde55096461,28.812,83.86160000000001
2024-10-19 07:09:18.763291,28-abde55096461,28.812,83.86160000000001
2024-10-19 07:09:21.579483,28-abde55096461,28.812,83.86160000000001
2024-10-19 07:09:24.396611,28-abde55096461,28.812,83.86160000000001
2024-10-19 07:09:27.211238,28-abde55096461,28.812,83.86160000000001
2024-10-19 07:11:30.628059,28-abde55096461,35.062,95.1116
2024-10-19 07:11:33.451530,28-abde55096461,35.187,95.3366
2024-10-19 07:11:36.270636,28-abde55096461,35.25,95.45
2024-10-19 07:11:39.083930,28-abde55096461,35.312,95.5616
2024-10-19 07:11:42.667219,28-abde55096461,35.312,95.5616
2024-10-19 07:11:45.484635,28-abde55096461,35.312,95.5616
2024-10-19 07:11:48.307179,28-abde55096461,35.375,95.67500000000001
2024-10-19 07:19:29.055357,28-abde55096461,29.75,85.55000000000001
2024-10-19 07:19:31.883470,28-abde55096461,29.687,85.4366
2024-10-19 07:19:34.699909,28-abde55096461,29.625,85.325
2024-10-19 07:19:37.515202,28-abde55096461,29.625,85.325
2024-10-19 07:19:40.331402,28-abde55096461,29.562,85.2116
2024-10-19 07:19:43.147235,28-abde55096461,29.562,85.2116
2024-10-19 07:19:45.964117,28-abde55096461,29.5,85.1
2024-10-19 07:19:48.779681,28-abde55096461,29.5,85.1
2024-10-19 07:19:51.600821,28-abde55096461,29.5,85.1
2024-10-19 07:19:54.417413,28-abde55096461,29.437,84.98660000000001
2024-10-19 07:19:57.289102,28-abde55096461,29.375,84.875
2024-10-19 07:20:00.299334,28-abde55096461,29.375,84.875
2024-10-19 07:20:03.115296,28-abde55096461,29.375,84.875
2024-10-19 07:20:06.571792,28-abde55096461,29.375,84.875
2024-10-19 07:20:10.189758,28-abde55096461,29.312,84.7616
2024-10-19 07:20:13.003978,28-abde55096461,29.312,84.7616
2024-10-19 07:20:16.428027,28-abde55096461,29.25,84.65
2024-10-19 07:20:19.243542,28-abde55096461,29.25,84.65
2024-10-19 07:20:22.671900,28-abde55096461,29.25,84.65
2024-10-19 07:20:25.483462,28-abde55096461,29.25,84.65
2024-10-19 07:20:28.914868,28-abde55096461,29.187,84.53659999999999
2024-10-19 07:20:31.727507,28-abde55096461,29.187,84.53659999999999
2024-10-19 07:20:35.182027,28-abde55096461,29.187,84.53659999999999
2024-10-19 07:20:37.995453,28-abde55096461,29.187,84.53659999999999
2024-10-19 07:20:41.419908,28-abde55096461,29.125,84.42500000000001
2024-10-19 07:20:44.236376,28-abde55096461,29.125,84.42500000000001
2024-10-19 07:20:47.659581,28-abde55096461,29.125,84.42500000000001
2024-10-19 07:20:50.477741,28-abde55096461,29.125,84.42500000000001
2024-10-19 07:20:53.906096,28-abde55096461,29.062,84.3116
2024-10-19 07:20:56.715293,28-abde55096461,29.062,84.3116
2024-10-19 07:21:00.139321,28-abde55096461,29.062,84.3116
2024-10-19 07:21:02.955210,28-abde55096461,29.062,84.3116
2024-10-19 07:21:06.379403,28-abde55096461,29.062,84.3116
2024-10-19 07:21:09.195541,28-abde55096461,29.0,84.2
2024-10-19 07:21:12.626088,28-abde55096461,29.0,84.2
2024-10-19 07:21:15.435255,28-abde55096461,29.0,84.2
2024-10-19 07:21:18.861211,28-abde55096461,29.0,84.2
2024-10-19 07:21:21.675627,28-abde55096461,29.0,84.2
2024-10-19 08:04:27.415210,28-abde55096461,29.812,85.66159999999999
2024-10-19 08:04:30.239465,28-abde55096461,29.812,85.66159999999999
2024-10-19 08:04:33.054847,28-abde55096461,29.812,85.66159999999999
2024-10-19 08:04:35.870050,28-abde55096461,29.812,85.66159999999999
2024-10-19 08:04:38.691137,28-abde55096461,29.875,85.775
2024-10-19 08:04:41.503179,28-abde55096461,29.812,85.66159999999999
2024-10-19 08:04:44.318920,28-abde55096461,29.875,85.775
2024-10-19 08:04:47.145832,28-abde55096461,29.875,85.775
2024-10-19 08:04:49.950046,28-abde55096461,29.875,85.775
2024-10-19 08:04:52.777859,28-abde55096461,29.875,85.775
2024-10-19 08:04:55.590922,28-abde55096461,29.812,85.66159999999999
2024-10-19 08:04:58.398499,28-abde55096461,29.875,85.775
2024-10-19 08:05:01.218031,28-abde55096461,29.875,85.775
2024-10-19 08:05:04.033392,28-abde55096461,29.875,85.775
2024-10-19 08:05:06.845981,28-abde55096461,29.875,85.775
2024-10-19 08:05:09.665890,28-abde55096461,29.875,85.775
2024-10-19 08:05:12.482348,28-abde55096461,29.937,85.8866
2024-10-19 08:05:15.295489,28-abde55096461,30.062,86.11160000000001
2024-10-19 08:05:18.111449,28-abde55096461,30.125,86.225
2024-10-19 08:05:20.925852,28-abde55096461,30.187,86.3366
2024-10-19 08:05:23.741776,28-abde55096461,30.25,86.45
2024-10-19 08:05:26.561735,28-abde55096461,30.312,86.5616
2024-10-19 08:05:29.377463,28-abde55096461,30.375,86.67500000000001
2024-10-19 08:05:32.193811,28-abde55096461,30.375,86.67500000000001
2024-10-19 08:05:35.007081,28-abde55096461,30.437,86.78659999999999
2024-10-19 08:05:37.821895,28-abde55096461,30.437,86.78659999999999
2024-10-19 08:05:40.639472,28-abde55096461,30.437,86.78659999999999
2024-10-19 08:05:43.457661,28-abde55096461,30.437,86.78659999999999
2024-10-19 08:05:46.272502,28-abde55096461,30.437,86.78659999999999
2024-10-19 08:05:49.085871,28-abde55096461,30.5,86.9
2024-10-19 08:05:51.901748,28-abde55096461,30.562,87.0116
2024-10-19 08:05:54.721214,28-abde55096461,30.75,87.35
2024-10-19 08:05:57.535524,28-abde55096461,30.937,87.6866
2024-10-19 08:06:00.353182,28-abde55096461,31.062,87.91159999999999
2024-10-19 08:06:03.169338,28-abde55096461,31.25,88.25
2024-10-19 08:06:05.981887,28-abde55096461,31.312,88.36160000000001
2024-10-19 08:06:08.798682,28-abde55096461,31.375,88.475
2024-10-19 08:06:11.619807,28-abde55096461,31.437,88.5866
2024-10-19 08:06:14.429831,28-abde55096461,31.5,88.7
2024-10-19 08:06:17.251121,28-abde55096461,31.562,88.8116
2024-10-19 08:06:20.062234,28-abde55096461,31.625,88.92500000000001
2024-10-19 08:06:22.878222,28-abde55096461,31.625,88.92500000000001
2024-10-19 08:06:25.693797,28-abde55096461,31.687,89.03659999999999
2024-10-19 08:06:28.510529,28-abde55096461,31.687,89.03659999999999
2024-10-19 08:06:31.326516,28-abde55096461,31.75,89.15
2024-10-19 08:06:34.143061,28-abde55096461,31.75,89.15
2024-10-19 08:06:36.965813,28-abde55096461,31.812,89.2616
2024-10-19 08:06:39.774607,28-abde55096461,31.812,89.2616
2024-10-19 08:06:42.596066,28-abde55096461,31.812,89.2616
2024-10-19 08:06:45.406061,28-abde55096461,31.875,89.375
2024-10-19 08:06:48.225949,28-abde55096461,31.937,89.48660000000001
2024-10-19 08:06:51.038103,28-abde55096461,31.875,89.375
2024-10-19 08:06:53.855673,28-abde55096461,31.875,89.375
2024-10-19 08:06:56.671961,28-abde55096461,31.937,89.48660000000001
2024-10-19 08:06:59.485757,28-abde55096461,31.875,89.375
2024-10-19 08:07:02.301909,28-abde55096461,31.875,89.375
2024-10-19 08:07:05.122036,28-abde55096461,31.875,89.375
2024-10-19 08:07:07.941924,28-abde55096461,31.937,89.48660000000001
2024-10-19 08:07:10.749712,28-abde55096461,32.0,89.6
2024-10-19 08:07:13.565679,28-abde55096461,32.0,89.6
2024-10-19 08:07:16.405926,28-abde55096461,32.0,89.6
2024-10-19 08:07:19.234454,28-abde55096461,32.062,89.7116
2024-10-19 08:07:22.045802,28-abde55096461,32.062,89.7116
2024-10-19 08:07:24.867006,28-abde55096461,32.062,89.7116
2024-10-19 08:07:27.685801,28-abde55096461,32.0,89.6
2024-10-19 08:07:30.493844,28-abde55096461,32.062,89.7116
2024-10-20 00:08:54.419087,28-abde55096461,35.812,96.4616
2024-10-20 00:08:57.226502,28-abde55096461,35.812,96.4616
2024-10-20 00:09:00.042665,28-abde55096461,35.812,96.4616
2024-10-20 00:09:02.859175,28-abde55096461,35.812,96.4616
2024-10-20 00:09:05.674953,28-abde55096461,35.812,96.4616
2024-10-20 00:09:08.490876,28-abde55096461,35.875,96.575
2024-10-20 00:09:11.308089,28-abde55096461,35.875,96.575
2024-10-20 00:09:14.122194,28-abde55096461,35.875,96.575
2024-10-20 00:09:16.938213,28-abde55096461,35.875,96.575
2024-10-20 00:13:27.889386,28-abde55096461,31.75,89.15
2024-10-20 00:13:30.698341,28-abde55096461,31.687,89.03659999999999
2024-10-20 00:13:33.514377,28-abde55096461,31.625,88.92500000000001
2024-10-20 00:13:36.334899,28-abde55096461,31.562,88.8116
2024-10-20 00:13:39.147038,28-abde55096461,31.5,88.7
2024-10-20 00:13:41.963563,28-abde55096461,31.437,88.5866
2024-10-20 00:13:44.781235,28-abde55096461,31.375,88.475
2024-10-20 00:13:47.595607,28-abde55096461,31.312,88.36160000000001
2024-10-20 00:13:50.410617,28-abde55096461,31.312,88.36160000000001
2024-10-20 00:13:53.226971,28-abde55096461,31.187,88.1366
2024-10-20 00:13:56.044832,28-abde55096461,31.125,88.025
2024-10-20 00:13:58.859111,28-abde55096461,31.125,88.025
2024-10-20 00:14:01.674501,28-abde55096461,31.062,87.91159999999999
2024-10-20 00:14:04.498299,28-abde55096461,31.0,87.80000000000001
2024-10-20 00:14:07.306507,28-abde55096461,30.875,87.575
2024-10-20 00:14:10.128708,28-abde55096461,30.875,87.575
2024-10-20 00:14:12.938742,28-abde55096461,30.875,87.575
2024-10-20 00:14:15.754471,28-abde55096461,30.812,87.4616
2024-10-20 00:14:18.570583,28-abde55096461,30.75,87.35
2024-10-20 00:14:21.389217,28-abde55096461,30.687,87.23660000000001
2024-10-20 00:14:24.202639,28-abde55096461,30.687,87.23660000000001
2024-10-20 00:14:27.018553,28-abde55096461,30.687,87.23660000000001
2024-10-20 00:14:29.838042,28-abde55096461,30.625,87.125
2024-10-20 00:14:32.651578,28-abde55096461,30.562,87.0116
2024-10-20 00:14:35.466613,28-abde55096461,30.562,87.0116
2024-10-20 00:14:38.283160,28-abde55096461,30.5,86.9
2024-10-20 00:14:41.105994,28-abde55096461,30.5,86.9
2024-10-20 00:14:43.914559,28-abde55096461,30.5,86.9
2024-10-20 00:14:46.735937,28-abde55096461,30.437,86.78659999999999
2024-10-20 00:14:49.547355,28-abde55096461,30.375,86.67500000000001
2024-10-20 00:14:52.363511,28-abde55096461,30.375,86.67500000000001
2024-10-20 00:14:55.178642,28-abde55096461,30.375,86.67500000000001
2024-10-20 00:14:57.994596,28-abde55096461,30.312,86.5616
2024-10-20 00:15:00.810803,28-abde55096461,30.312,86.5616
2024-10-20 00:15:03.627078,28-abde55096461,30.312,86.5616
2024-10-20 00:15:06.447189,28-abde55096461,30.312,86.5616
2024-10-20 00:15:09.258693,28-abde55096461,30.25,86.45
2024-10-20 00:15:12.082283,28-abde55096461,30.25,86.45
2024-10-20 00:15:14.891607,28-abde55096461,30.25,86.45
2024-10-20 00:15:17.708281,28-abde55096461,30.25,86.45
2024-10-20 00:15:20.523047,28-abde55096461,30.187,86.3366
2024-10-20 00:15:23.338919,28-abde55096461,30.187,86.3366
2024-10-20 00:15:26.154833,28-abde55096461,30.187,86.3366
2024-10-20 00:15:28.970869,28-abde55096461,30.187,86.3366
2024-10-20 00:15:31.786740,28-abde55096461,30.187,86.3366
2024-10-20 00:15:34.606307,28-abde55096461,30.125,86.225
2024-10-20 00:15:37.418328,28-abde55096461,30.062,86.11160000000001
2024-10-20 00:15:40.234878,28-abde55096461,30.062,86.11160000000001
2024-10-20 00:15:43.050862,28-abde55096461,30.062,86.11160000000001
2024-10-20 00:15:45.866881,28-abde55096461,30.062,86.11160000000001
2024-10-20 00:15:48.682879,28-abde55096461,30.062,86.11160000000001
2024-10-20 00:15:51.498913,28-abde55096461,30.0,86.0
2024-10-20 00:15:54.314707,28-abde55096461,30.0,86.0
2024-10-20 00:15:57.130830,28-abde55096461,30.0,86.0
2024-10-20 00:15:59.946816,28-abde55096461,29.937,85.8866
2024-10-20 00:16:02.763959,28-abde55096461,29.937,85.8866
2024-10-20 00:16:05.578805,28-abde55096461,29.937,85.8866
2024-10-20 00:16:08.394865,28-abde55096461,29.937,85.8866
2024-10-20 00:16:11.211847,28-abde55096461,29.937,85.8866
2024-10-20 00:16:14.026794,28-abde55096461,29.937,85.8866
2024-10-20 00:16:16.842887,28-abde55096461,29.875,85.775
2024-10-20 00:16:19.658686,28-abde55096461,29.875,85.775
2024-10-20 00:16:22.474855,28-abde55096461,29.875,85.775
2024-10-20 00:16:25.290944,28-abde55096461,29.875,85.775
2024-10-20 00:16:28.106330,28-abde55096461,29.875,85.775
2024-10-20 00:16:30.922509,28-abde55096461,29.875,85.775
2024-10-20 00:16:33.738916,28-abde55096461,29.812,85.66159999999999
2024-10-20 00:16:36.554869,28-abde55096461,29.812,85.66159999999999
2024-10-20 00:16:39.370547,28-abde55096461,29.812,85.66159999999999
2024-10-20 00:16:42.190229,28-abde55096461,29.75,85.55000000000001
2024-10-20 00:16:45.002449,28-abde55096461,29.812,85.66159999999999
2024-10-20 00:16:47.818809,28-abde55096461,29.75,85.55000000000001
2024-10-20 00:16:50.634376,28-abde55096461,29.75,85.55000000000001
2024-10-20 00:16:53.450205,28-abde55096461,29.75,85.55000000000001
2024-10-20 00:16:56.266825,28-abde55096461,29.75,85.55000000000001
2024-10-20 00:16:59.082821,28-abde55096461,29.75,85.55000000000001
2024-10-20 00:17:01.898843,28-abde55096461,29.687,85.4366
2024-10-20 00:17:04.717156,28-abde55096461,29.75,85.55000000000001
2024-10-20 00:17:07.530903,28-abde55096461,29.75,85.55000000000001
2024-10-20 00:17:10.346857,28-abde55096461,29.75,85.55000000000001
2024-10-20 00:17:13.162660,28-abde55096461,29.687,85.4366
2024-10-20 00:17:15.978742,28-abde55096461,29.75,85.55000000000001
2024-10-20 00:17:18.794471,28-abde55096461,29.687,85.4366
2024-10-20 00:17:21.611412,28-abde55096461,29.687,85.4366
2024-10-20 00:17:24.427585,28-abde55096461,29.687,85.4366
2024-10-20 00:29:00.860144,28-abde55096461,30.5,86.9
2024-10-20 00:29:03.679533,28-abde55096461,30.562,87.0116
2024-10-20 00:29:06.497276,28-abde55096461,30.562,87.0116
2024-10-20 00:29:09.313931,28-abde55096461,30.562,87.0116
2024-10-20 00:29:12.132956,28-abde55096461,30.562,87.0116
2024-10-20 00:29:14.942957,28-abde55096461,30.562,87.0116
2024-10-20 00:29:17.767891,28-abde55096461,30.562,87.0116
2024-10-20 00:29:20.575105,28-abde55096461,30.625,87.125
2024-10-20 00:29:23.416007,28-abde55096461,30.75,87.35
2024-10-20 00:29:26.239006,28-abde55096461,30.937,87.6866
2024-10-20 00:29:29.056204,28-abde55096461,31.062,87.91159999999999
2024-10-20 00:29:31.871622,28-abde55096461,31.0,87.80000000000001
2024-10-20 00:29:34.695820,28-abde55096461,31.062,87.91159999999999
2024-10-20 00:29:37.503467,28-abde55096461,31.0,87.80000000000001
2024-10-20 00:29:40.322879,28-abde55096461,30.937,87.6866
2024-10-20 00:29:43.135035,28-abde55096461,30.875,87.575
2024-10-20 00:29:45.952794,28-abde55096461,30.875,87.575
2024-10-20 00:29:48.766984,28-abde55096461,30.812,87.4616
2024-10-20 00:29:51.582987,28-abde55096461,30.75,87.35
2024-10-20 06:34:09.908544,28-abde55096461,29.125,84.42500000000001
2024-10-20 06:34:12.712818,28-abde55096461,29.125,84.42500000000001
2024-10-20 06:34:15.526748,28-abde55096461,29.125,84.42500000000001
2024-10-20 06:34:18.343106,28-abde55096461,29.125,84.42500000000001
2024-10-20 06:34:21.158990,28-abde55096461,29.125,84.42500000000001
2024-10-20 06:34:23.981187,28-abde55096461,29.187,84.53659999999999
2024-10-20 06:34:26.790082,28-abde55096461,29.25,84.65
2024-10-20 06:34:29.606483,28-abde55096461,29.375,84.875
2024-10-20 06:34:32.429888,28-abde55096461,29.625,85.325
2024-10-20 06:34:35.246181,28-abde55096461,29.812,85.66159999999999
2024-10-20 06:34:38.058549,28-abde55096461,29.937,85.8866
2024-10-20 06:34:40.870059,28-abde55096461,30.187,86.3366
2024-10-20 06:34:43.695696,28-abde55096461,30.25,86.45
2024-10-20 06:34:46.502392,28-abde55096461,30.437,86.78659999999999
2024-10-20 06:34:49.325955,28-abde55096461,30.5,86.9
2024-10-20 06:34:52.135925,28-abde55096461,30.5,86.9
2024-10-20 06:34:54.955447,28-abde55096461,30.562,87.0116
2024-10-20 06:34:57.770685,28-abde55096461,30.5,86.9
2024-10-20 06:35:00.585882,28-abde55096461,30.5,86.9
2024-10-20 06:35:03.397982,28-abde55096461,30.375,86.67500000000001
2024-10-20 06:35:06.250807,28-abde55096461,30.375,86.67500000000001
2024-10-20 06:35:09.063063,28-abde55096461,30.375,86.67500000000001
2024-10-20 06:35:11.882004,28-abde55096461,30.375,86.67500000000001
2024-10-20 06:35:14.694241,28-abde55096461,30.312,86.5616
2024-10-20 06:35:17.512888,28-abde55096461,30.312,86.5616
2024-10-20 06:35:20.340488,28-abde55096461,30.312,86.5616
2024-10-20 06:35:23.142009,28-abde55096461,30.312,86.5616
2024-10-20 06:35:25.958013,28-abde55096461,30.312,86.5616
2024-10-20 06:35:28.774535,28-abde55096461,30.25,86.45
2024-10-20 06:35:31.590221,28-abde55096461,30.312,86.5616
2024-10-20 06:35:34.405878,28-abde55096461,30.312,86.5616
2024-10-20 06:35:37.230653,28-abde55096461,30.312,86.5616
2024-10-20 06:35:40.038714,28-abde55096461,30.312,86.5616
2024-10-20 06:35:42.857861,28-abde55096461,30.375,86.67500000000001
2024-10-20 06:35:45.670176,28-abde55096461,30.312,86.5616
2024-10-20 06:35:48.496989,28-abde55096461,30.312,86.5616
2024-10-20 06:35:51.305877,28-abde55096461,30.375,86.67500000000001
2024-10-20 06:35:54.119849,28-abde55096461,30.375,86.67500000000001
2024-10-20 06:35:56.933860,28-abde55096461,30.375,86.67500000000001
2024-10-20 06:35:59.774593,28-abde55096461,30.375,86.67500000000001
2024-10-20 06:36:02.606262,28-abde55096461,30.375,86.67500000000001
2024-10-20 06:36:05.418846,28-abde55096461,30.375,86.67500000000001
2024-10-20 06:36:08.230241,28-abde55096461,30.437,86.78659999999999
2024-10-20 06:36:11.048487,28-abde55096461,30.375,86.67500000000001
2024-10-20 06:36:13.862152,28-abde55096461,30.437,86.78659999999999
2024-10-20 06:36:16.677981,28-abde55096461,30.437,86.78659999999999
2024-10-20 06:36:19.498887,28-abde55096461,30.5,86.9
2024-10-20 06:36:22.310029,28-abde55096461,30.5,86.9
2024-10-20 06:36:25.133908,28-abde55096461,30.5,86.9
2024-10-20 06:36:27.945935,28-abde55096461,30.562,87.0116
2024-10-20 06:36:30.765951,28-abde55096461,30.5,86.9
2024-10-20 06:36:33.574170,28-abde55096461,30.5,86.9
2024-10-20 06:36:36.398540,28-abde55096461,30.5,86.9
2024-10-20 06:36:39.206356,28-abde55096461,30.5,86.9
2024-10-20 06:36:42.025650,28-abde55096461,30.5,86.9
2024-10-20 06:36:44.838164,28-abde55096461,30.5,86.9
2024-10-20 06:36:47.678455,28-abde55096461,30.5,86.9
2024-10-20 06:36:50.502016,28-abde55096461,30.5,86.9
2024-10-20 06:36:53.320501,28-abde55096461,30.562,87.0116
2024-10-20 06:36:56.134430,28-abde55096461,30.5,86.9
2024-10-20 06:36:58.952312,28-abde55096461,30.562,87.0116
2024-10-20 06:37:01.766327,28-abde55096461,30.5,86.9
2024-10-20 06:37:04.584244,28-abde55096461,30.5,86.9
2024-10-20 06:37:07.398922,28-abde55096461,30.437,86.78659999999999
2024-10-20 06:37:10.216596,28-abde55096461,30.437,86.78659999999999
2024-10-20 06:37:13.030241,28-abde55096461,30.562,87.0116
2024-10-20 06:37:15.848415,28-abde55096461,31.125,88.025
2024-10-20 06:37:18.669399,28-abde55096461,31.375,88.475
2024-10-20 06:37:21.477783,28-abde55096461,31.375,88.475
2024-10-20 06:37:24.294155,28-abde55096461,31.312,88.36160000000001
2024-10-20 06:37:27.110000,28-abde55096461,31.187,88.1366
2024-10-20 06:37:29.930834,28-abde55096461,31.125,88.025
2024-10-20 06:37:32.742180,28-abde55096461,31.062,87.91159999999999
2024-10-20 06:37:35.558059,28-abde55096461,30.937,87.6866
2024-10-20 06:37:38.373941,28-abde55096461,30.875,87.575
2024-10-20 06:37:41.189984,28-abde55096461,30.75,87.35
2024-10-20 06:37:44.005986,28-abde55096461,30.687,87.23660000000001
2024-10-20 06:37:46.822224,28-abde55096461,30.625,87.125
2024-10-20 06:37:49.649984,28-abde55096461,30.562,87.0116
2024-10-20 06:37:52.454838,28-abde55096461,30.562,87.0116
2024-10-20 06:37:55.276111,28-abde55096461,30.5,86.9
2024-10-20 06:37:58.085807,28-abde55096461,30.375,86.67500000000001
2024-10-20 06:38:00.908254,28-abde55096461,30.375,86.67500000000001
2024-10-20 06:38:03.717975,28-abde55096461,30.25,86.45
2024-10-20 06:38:06.536916,28-abde55096461,30.25,86.45
2024-10-20 06:38:09.349810,28-abde55096461,30.187,86.3366
2024-10-20 06:38:12.168445,28-abde55096461,30.187,86.3366
2024-10-20 06:38:14.989157,28-abde55096461,30.125,86.225
2024-10-20 06:38:17.802154,28-abde55096461,30.125,86.225
2024-10-20 06:38:20.620068,28-abde55096461,30.125,86.225
2024-10-20 06:38:23.430201,28-abde55096461,30.125,86.225
2024-10-20 06:38:26.250643,28-abde55096461,30.062,86.11160000000001
2024-10-20 06:38:29.062054,28-abde55096461,30.062,86.11160000000001
2024-10-20 06:38:31.879762,28-abde55096461,30.0,86.0
2024-10-20 06:38:34.693702,28-abde55096461,30.0,86.0
2024-10-20 06:38:37.510695,28-abde55096461,30.0,86.0
2024-10-20 06:38:40.326000,28-abde55096461,29.937,85.8866
2024-10-20 06:38:43.141999,28-abde55096461,29.937,85.8866
2024-10-20 06:38:45.957989,28-abde55096461,29.937,85.8866
2024-10-20 06:38:48.774055,28-abde55096461,29.875,85.775
2024-10-20 06:38:51.591740,28-abde55096461,29.875,85.775
2024-10-20 06:38:54.406691,28-abde55096461,29.875,85.775
2024-10-20 06:38:57.221964,28-abde55096461,29.875,85.775
2024-10-20 06:39:00.038672,28-abde55096461,29.812,85.66159999999999
2024-10-20 06:39:02.858359,28-abde55096461,29.812,85.66159999999999
2024-10-20 06:39:05.669974,28-abde55096461,29.75,85.55000000000001
2024-10-20 06:39:08.486566,28-abde55096461,29.75,85.55000000000001
2024-10-20 06:39:11.301691,28-abde55096461,29.75,85.55000000000001
2024-10-20 06:39:14.118905,28-abde55096461,29.75,85.55000000000001
2024-10-20 06:39:16.937385,28-abde55096461,29.75,85.55000000000001
2024-10-20 06:39:19.752618,28-abde55096461,29.75,85.55000000000001
2024-10-20 06:39:22.565758,28-abde55096461,29.75,85.55000000000001
2024-10-20 06:39:25.382169,28-abde55096461,29.687,85.4366
2024-10-20 06:39:28.200752,28-abde55096461,29.75,85.55000000000001
2024-10-20 06:39:31.014852,28-abde55096461,29.687,85.4366
2024-10-20 06:39:33.835417,28-abde55096461,29.687,85.4366
2024-10-20 06:39:36.646047,28-abde55096461,29.687,85.4366
2024-10-20 06:39:39.463002,28-abde55096461,29.687,85.4366
2024-10-20 06:39:42.278918,28-abde55096461,29.625,85.325
2024-10-20 06:39:45.093991,28-abde55096461,29.625,85.325
2024-10-20 06:39:47.910207,28-abde55096461,29.625,85.325
2024-10-20 06:39:50.726586,28-abde55096461,29.625,85.325
2024-10-20 06:39:53.541933,28-abde55096461,29.687,85.4366
2024-10-20 06:39:56.357984,28-abde55096461,29.625,85.325
2024-10-20 06:39:59.177485,28-abde55096461,29.625,85.325
2024-10-20 06:40:01.989830,28-abde55096461,29.625,85.325
2024-10-20 06:40:04.808101,28-abde55096461,29.625,85.325
2024-10-20 06:40:07.621909,28-abde55096461,29.625,85.325
2024-10-20 06:40:10.439689,28-abde55096461,29.625,85.325
2024-10-20 06:40:13.261774,28-abde55096461,29.625,85.325
2024-10-20 06:40:16.070152,28-abde55096461,29.625,85.325
2024-10-20 06:40:18.894045,28-abde55096461,29.562,85.2116
2024-10-20 06:40:21.703435,28-abde55096461,29.625,85.325
2024-10-20 06:40:24.524817,28-abde55096461,29.625,85.325
2024-10-20 06:40:27.334698,28-abde55096461,29.625,85.325
2024-10-20 06:40:30.155108,28-abde55096461,29.562,85.2116
2024-10-20 06:40:32.975289,28-abde55096461,29.625,85.325
2024-10-20 06:40:35.788066,28-abde55096461,29.562,85.2116
2024-10-20 06:40:38.598950,28-abde55096461,29.562,85.2116
2024-10-20 23:51:58.558633,28-abde55096461,29.562,85.2116
2024-10-20 23:52:01.374253,28-abde55096461,29.562,85.2116
2024-10-20 23:52:04.190985,28-abde55096461,29.562,85.2116
2024-10-20 23:52:07.012452,28-abde55096461,29.562,85.2116
2024-10-20 23:52:09.830702,28-abde55096461,29.562,85.2116
2024-10-20 23:52:12.677646,28-abde55096461,29.562,85.2116
2024-10-21 00:07:32.176272,28-abde55096461,29.437,84.98660000000001
2024-10-21 00:07:34.978213,28-abde55096461,29.437,84.98660000000001
2024-10-21 00:07:37.792253,28-abde55096461,29.437,84.98660000000001
2024-10-21 00:07:40.613959,28-abde55096461,29.437,84.98660000000001
2024-10-21 00:07:43.423297,28-abde55096461,29.437,84.98660000000001
2024-10-21 00:07:46.247649,28-abde55096461,29.5,85.1
2024-10-21 00:07:49.055960,28-abde55096461,29.5,85.1
2024-10-21 00:07:51.875930,28-abde55096461,29.562,85.2116
2024-10-21 00:07:54.686716,28-abde55096461,29.562,85.2116
2024-10-21 00:07:57.502596,28-abde55096461,29.562,85.2116
2024-10-21 00:08:00.326697,28-abde55096461,29.562,85.2116
2024-10-21 00:08:03.134868,28-abde55096461,29.562,85.2116
2024-10-21 00:08:05.963317,28-abde55096461,29.562,85.2116
2024-10-21 00:08:08.772105,28-abde55096461,29.625,85.325
2024-10-21 00:08:11.586422,28-abde55096461,29.562,85.2116
2024-10-21 00:08:14.400544,28-abde55096461,29.625,85.325
2024-10-21 00:08:17.217632,28-abde55096461,29.562,85.2116
2024-10-21 00:08:20.030769,28-abde55096461,29.562,85.2116
2024-10-21 00:08:22.847475,28-abde55096461,29.562,85.2116
2024-10-21 00:08:25.671764,28-abde55096461,29.562,85.2116
2024-10-21 00:08:28.478615,28-abde55096461,29.562,85.2116
2024-10-21 00:08:31.303726,28-abde55096461,29.625,85.325
2024-10-21 00:08:34.110889,28-abde55096461,29.562,85.2116
2024-10-21 00:08:36.933644,28-abde55096461,29.562,85.2116
2024-10-21 00:08:39.742870,28-abde55096461,29.562,85.2116
2024-10-21 00:08:42.558587,28-abde55096461,29.562,85.2116
2024-10-21 00:08:45.378944,28-abde55096461,29.562,85.2116
2024-10-21 00:08:48.193619,28-abde55096461,29.562,85.2116
2024-10-21 00:08:51.019702,28-abde55096461,29.562,85.2116
2024-10-21 00:08:53.822826,28-abde55096461,29.562,85.2116
2024-10-21 00:08:56.638949,28-abde55096461,29.562,85.2116
2024-10-21 00:08:59.454891,28-abde55096461,29.562,85.2116
2024-10-21 00:09:02.280788,28-abde55096461,29.562,85.2116
2024-10-21 00:09:05.087294,28-abde55096461,29.562,85.2116
2024-10-21 00:09:07.910834,28-abde55096461,29.562,85.2116
2024-10-21 00:09:10.719589,28-abde55096461,29.562,85.2116
2024-10-21 00:09:13.539935,28-abde55096461,29.562,85.2116
2024-10-21 00:09:16.350964,28-abde55096461,29.562,85.2116
2024-10-21 00:09:19.176221,28-abde55096461,29.562,85.2116
2024-10-21 00:09:21.983034,28-abde55096461,29.562,85.2116
2024-10-21 00:09:24.800458,28-abde55096461,29.562,85.2116
2024-10-21 00:09:27.614745,28-abde55096461,29.562,85.2116
2024-10-21 00:09:30.430470,28-abde55096461,29.562,85.2116
2024-10-21 00:09:33.254524,28-abde55096461,29.562,85.2116
2024-10-21 00:09:36.063209,28-abde55096461,29.562,85.2116
2024-10-21 00:09:38.878594,28-abde55096461,29.5,85.1
2024-10-21 00:09:41.695201,28-abde55096461,29.5,85.1
2024-10-21 00:09:44.514042,28-abde55096461,29.562,85.2116
2024-10-21 00:09:47.352547,28-abde55096461,29.562,85.2116
2024-10-21 00:09:50.257407,28-abde55096461,29.562,85.2116
2024-10-21 00:09:53.093596,28-abde55096461,29.5,85.1
2024-10-21 00:09:55.902938,28-abde55096461,29.5,85.1
2024-10-21 00:09:58.723898,28-abde55096461,29.5,85.1
2024-10-21 00:10:01.535188,28-abde55096461,29.5,85.1
2024-10-21 00:10:04.352128,28-abde55096461,29.5,85.1
2024-10-21 00:10:07.174921,28-abde55096461,29.5,85.1
2024-10-21 00:10:09.983209,28-abde55096461,29.5,85.1
2024-10-21 00:10:12.801892,28-abde55096461,29.5,85.1
2024-10-21 00:10:15.614664,28-abde55096461,29.5,85.1
2024-10-21 00:10:18.444345,28-abde55096461,29.5,85.1
2024-10-21 00:10:21.254879,28-abde55096461,29.5,85.1
2024-10-21 00:10:24.068045,28-abde55096461,29.5,85.1
2024-10-21 00:10:26.889639,28-abde55096461,29.5,85.1
2024-10-21 00:10:29.698166,28-abde55096461,29.5,85.1
2024-10-21 00:10:32.510956,28-abde55096461,29.5,85.1
2024-10-21 00:10:35.354360,28-abde55096461,29.5,85.1
2024-10-21 00:10:38.175064,28-abde55096461,29.5,85.1
2024-10-21 00:10:41.158904,28-abde55096461,29.5,85.1
2024-10-21 00:10:43.974238,28-abde55096461,29.5,85.1
2024-10-21 00:10:46.783164,28-abde55096461,29.5,85.1
2024-10-21 00:10:49.609909,28-abde55096461,29.5,85.1
2024-10-21 00:10:52.415417,28-abde55096461,29.5,85.1
2024-10-21 00:10:55.237548,28-abde55096461,29.5,85.1
2024-10-21 00:10:58.055610,28-abde55096461,29.5,85.1
2024-10-21 00:11:00.867515,28-abde55096461,29.5,85.1
2024-10-21 00:11:03.678495,28-abde55096461,29.5,85.1
2024-10-21 00:11:06.494764,28-abde55096461,29.5,85.1
2024-10-21 00:11:09.310545,28-abde55096461,29.5,85.1
2024-10-21 00:11:12.127586,28-abde55096461,29.5,85.1
2024-10-21 00:11:14.944693,28-abde55096461,29.5,85.1
2024-10-21 00:11:17.790618,28-abde55096461,29.5,85.1
2024-10-21 00:11:20.606807,28-abde55096461,29.5,85.1
2024-10-21 00:11:23.423379,28-abde55096461,29.5,85.1
2024-10-21 00:11:26.251669,28-abde55096461,29.5,85.1
2024-10-21 00:11:29.054707,28-abde55096461,29.5,85.1
2024-10-21 00:11:31.872521,28-abde55096461,29.5,85.1
2024-10-21 00:11:34.687155,28-abde55096461,29.5,85.1
2024-10-21 00:11:37.510350,28-abde55096461,29.5,85.1
2024-10-21 00:11:40.319787,28-abde55096461,29.5,85.1
2024-10-21 00:11:43.134869,28-abde55096461,29.5,85.1
2024-10-21 00:11:45.962851,28-abde55096461,29.5,85.1
2024-10-21 00:11:48.791051,28-abde55096461,29.5,85.1
2024-10-21 00:11:51.617467,28-abde55096461,29.5,85.1
2024-10-21 00:11:54.435034,28-abde55096461,29.5,85.1
2024-10-21 00:11:57.273961,28-abde55096461,29.5,85.1
2024-10-21 00:12:00.119482,28-abde55096461,29.5,85.1
2024-10-21 00:12:02.944028,28-abde55096461,29.5,85.1
2024-10-21 00:12:05.765287,28-abde55096461,29.5,85.1
2024-10-21 00:12:08.600573,28-abde55096461,29.5,85.1
2024-10-21 00:12:11.427828,28-abde55096461,29.5,85.1
2024-10-21 00:12:14.239962,28-abde55096461,29.5,85.1
2024-10-21 00:12:17.062156,28-abde55096461,29.5,85.1
2024-10-21 00:12:19.870657,28-abde55096461,29.5,85.1
2024-10-21 00:12:22.693572,28-abde55096461,29.5,85.1
2024-10-21 00:12:25.527076,28-abde55096461,29.5,85.1
2024-10-21 00:12:28.363164,28-abde55096461,29.5,85.1
2024-10-21 00:12:31.167811,28-abde55096461,29.5,85.1
2024-10-21 00:12:33.988807,28-abde55096461,29.5,85.1
2024-10-21 00:12:36.799005,28-abde55096461,29.5,85.1
2024-10-21 00:12:39.614608,28-abde55096461,29.5,85.1
2024-10-21 00:12:42.431762,28-abde55096461,29.5,85.1
2024-10-21 00:12:45.248126,28-abde55096461,29.5,85.1
2024-10-21 00:12:48.074496,28-abde55096461,29.5,85.1
2024-10-21 00:12:50.884044,28-abde55096461,29.5,85.1
2024-10-21 00:12:53.700420,28-abde55096461,29.5,85.1
2024-10-21 00:12:56.516086,28-abde55096461,29.5,85.1
2024-10-21 00:12:59.333022,28-abde55096461,29.5,85.1
2024-10-21 00:13:02.143193,28-abde55096461,29.5,85.1
2024-10-21 00:13:04.962891,28-abde55096461,29.5,85.1
2024-10-21 00:13:07.774622,28-abde55096461,29.5,85.1
2024-10-21 00:13:10.590616,28-abde55096461,29.5,85.1
2024-10-21 00:13:13.412959,28-abde55096461,29.5,85.1
2024-10-21 00:13:16.222826,28-abde55096461,29.5,85.1
2024-10-21 00:13:19.046680,28-abde55096461,29.5,85.1
2024-10-21 00:13:21.854846,28-abde55096461,29.5,85.1
2024-10-21 00:13:24.676563,28-abde55096461,29.5,85.1
2024-10-21 00:13:27.486793,28-abde55096461,29.5,85.1
2024-10-21 00:13:30.304342,28-abde55096461,29.5,85.1
2024-10-21 00:13:33.118462,28-abde55096461,29.5,85.1
2024-10-21 00:13:35.934527,28-abde55096461,29.5,85.1
2024-10-21 00:13:38.750942,28-abde55096461,29.5,85.1
2024-10-21 00:13:41.566644,28-abde55096461,29.5,85.1
2024-10-21 00:13:44.392287,28-abde55096461,29.5,85.1
2024-10-21 00:13:47.199459,28-abde55096461,29.5,85.1
2024-10-21 00:13:50.023922,28-abde55096461,29.5,85.1
2024-10-21 00:13:52.835522,28-abde55096461,29.5,85.1
2024-10-21 00:13:55.653654,28-abde55096461,29.5,85.1
2024-10-21 00:13:58.463907,28-abde55096461,29.5,85.1
2024-10-21 00:14:01.278812,28-abde55096461,29.5,85.1
2024-10-21 00:14:04.095424,28-abde55096461,29.5,85.1
2024-10-21 00:14:06.911536,28-abde55096461,29.5,85.1
2024-10-21 00:14:09.732547,28-abde55096461,29.5,85.1
2024-10-21 00:14:12.542588,28-abde55096461,29.5,85.1
2024-10-21 00:14:15.359907,28-abde55096461,29.5,85.1
2024-10-21 00:14:18.176405,28-abde55096461,29.5,85.1
2024-10-21 00:14:21.000434,28-abde55096461,29.5,85.1
2024-10-21 00:14:23.825383,28-abde55096461,29.5,85.1
2024-10-21 00:14:26.661114,28-abde55096461,29.5,85.1
2024-10-21 00:14:29.472065,28-abde55096461,29.5,85.1
2024-10-21 00:14:32.287573,28-abde55096461,29.5,85.1
2024-10-21 00:14:35.115270,28-abde55096461,29.5,85.1
2024-10-21 00:14:37.919093,28-abde55096461,29.5,85.1
2024-10-21 00:14:40.735805,28-abde55096461,29.5,85.1
2024-10-21 00:14:43.587768,28-abde55096461,29.5,85.1
2024-10-21 00:14:46.408295,28-abde55096461,29.5,85.1
2024-10-21 00:14:49.215185,28-abde55096461,29.5,85.1
2024-10-21 00:14:52.040947,28-abde55096461,29.5,85.1
2024-10-21 00:14:54.850352,28-abde55096461,29.5,85.1
2024-10-21 00:14:57.670842,28-abde55096461,29.5,85.1
2024-10-21 00:15:00.478825,28-abde55096461,29.5,85.1
2024-10-21 00:15:03.295408,28-abde55096461,29.5,85.1
2024-10-21 00:15:06.111270,28-abde55096461,29.5,85.1
2024-10-21 00:15:08.929206,28-abde55096461,29.5,85.1
2024-10-21 00:15:11.743331,28-abde55096461,29.5,85.1
2024-10-21 00:15:14.565317,28-abde55096461,29.5,85.1
2024-10-21 00:15:17.381289,28-abde55096461,29.5,85.1
2024-10-21 00:15:20.195885,28-abde55096461,29.5,85.1
2024-10-21 00:15:23.017385,28-abde55096461,29.5,85.1
2024-10-21 00:15:25.823486,28-abde55096461,29.5,85.1
2024-10-21 00:15:28.645962,28-abde55096461,29.5,85.1
2024-10-21 00:15:31.456582,28-abde55096461,29.5,85.1
2024-10-21 00:15:34.270565,28-abde55096461,29.5,85.1
2024-10-21 00:15:37.088312,28-abde55096461,29.5,85.1
2024-10-21 00:15:39.904863,28-abde55096461,29.5,85.1
2024-10-21 00:15:42.730705,28-abde55096461,29.5,85.1
2024-10-21 00:15:45.539613,28-abde55096461,29.562,85.2116
2024-10-21 00:15:48.360895,28-abde55096461,29.5,85.1
2024-10-21 00:15:51.167483,28-abde55096461,29.562,85.2116
2024-10-21 00:15:53.988376,28-abde55096461,29.5,85.1
2024-10-21 00:15:56.803345,28-abde55096461,29.5,85.1
2024-10-21 00:15:59.679486,28-abde55096461,29.5,85.1
2024-10-21 00:16:02.606057,28-abde55096461,29.5,85.1
2024-10-21 00:16:05.459838,28-abde55096461,29.5,85.1
2024-10-21 00:16:08.291821,28-abde55096461,29.5,85.1
2024-10-21 00:16:11.110278,28-abde55096461,29.5,85.1
2024-10-21 00:16:13.918868,28-abde55096461,29.5,85.1
2024-10-21 00:16:16.744060,28-abde55096461,29.5,85.1
2024-10-21 00:16:19.618999,28-abde55096461,29.5,85.1
2024-10-21 00:16:22.432849,28-abde55096461,29.5,85.1
2024-10-21 00:16:25.248473,28-abde55096461,29.5,85.1
2024-10-21 00:16:28.082922,28-abde55096461,29.5,85.1
2024-10-21 00:16:30.917093,28-abde55096461,29.5,85.1
2024-10-21 00:16:33.736775,28-abde55096461,29.5,85.1
2024-10-21 00:16:36.543908,28-abde55096461,29.5,85.1
2024-10-21 00:16:39.388896,28-abde55096461,29.5,85.1
2024-10-21 00:16:42.338445,28-abde55096461,29.5,85.1
2024-10-21 00:16:45.321155,28-abde55096461,29.5,85.1
2024-10-21 00:26:23.636190,28-abde55096461,29.625,85.325
2024-10-21 00:26:26.465477,28-abde55096461,29.625,85.325
2024-10-21 00:26:29.279477,28-abde55096461,29.625,85.325
2024-10-21 00:26:32.096230,28-abde55096461,29.625,85.325
2024-10-21 00:26:34.911005,28-abde55096461,29.625,85.325
2024-10-21 00:26:37.726936,28-abde55096461,29.625,85.325
2024-10-21 00:26:40.543471,28-abde55096461,29.625,85.325
2024-10-21 00:26:43.359262,28-abde55096461,29.625,85.325
2024-10-21 00:26:46.174681,28-abde55096461,29.625,85.325
2024-10-21 00:26:48.991109,28-abde55096461,29.625,85.325
2024-10-21 00:26:51.806998,28-abde55096461,29.625,85.325
2024-10-21 00:26:54.623228,28-abde55096461,29.625,85.325
2024-10-21 00:26:57.438847,28-abde55096461,29.625,85.325
2024-10-21 00:27:00.255223,28-abde55096461,29.625,85.325
2024-10-21 00:27:03.070716,28-abde55096461,29.625,85.325
2024-10-21 00:27:05.886640,28-abde55096461,29.625,85.325
2024-10-21 00:27:08.703007,28-abde55096461,29.625,85.325
2024-10-21 00:27:11.519123,28-abde55096461,29.625,85.325
2024-10-21 00:27:14.334814,28-abde55096461,29.625,85.325
2024-10-21 00:27:17.151212,28-abde55096461,29.625,85.325
2024-10-21 00:27:19.967078,28-abde55096461,29.625,85.325
2024-10-21 00:27:22.782881,28-abde55096461,29.625,85.325
2024-10-21 00:27:25.617717,28-abde55096461,29.625,85.325
2024-10-21 00:30:12.782031,28-abde55096461,29.625,85.325
2024-10-21 00:30:19.591697,28-abde55096461,29.625,85.325
2024-10-21 00:30:26.403728,28-abde55096461,29.625,85.325
2024-10-21 00:30:33.220719,28-abde55096461,29.75,85.55000000000001
2024-10-21 00:30:40.055741,28-abde55096461,29.812,85.66159999999999
2024-10-21 00:30:46.894228,28-abde55096461,29.875,85.775
2024-10-21 00:30:53.699722,28-abde55096461,30.0,86.0
2024-10-21 00:31:00.518376,28-abde55096461,65.125,149.22500000000002
2024-10-21 00:31:07.352879,28-abde55096461,124.812,256.6616
2024-10-21 00:31:14.179422,28-abde55096461,120.625,249.125
2024-10-21 00:31:20.993249,28-abde55096461,113.5,236.3
2024-10-21 00:31:27.815676,28-abde55096461,110.562,231.0116
2024-10-21 00:31:34.633360,28-abde55096461,98.0,208.4
2024-10-21 00:31:41.438832,28-abde55096461,85.5,185.9
2024-10-21 00:31:48.262216,28-abde55096461,75.75,168.35
2024-10-21 00:31:55.071328,28-abde55096461,69.812,157.6616
2024-10-21 00:32:01.891863,28-abde55096461,64.875,148.775
2024-10-21 00:32:08.703092,28-abde55096461,60.937,141.6866
2024-10-21 00:32:15.523745,28-abde55096461,57.375,135.275
2024-10-21 00:32:22.341646,28-abde55096461,51.812,125.2616
2024-10-21 00:32:29.163379,28-abde55096461,48.875,119.97500000000001
2024-10-21 00:32:35.975857,28-abde55096461,46.875,116.375
2024-10-21 00:32:42.784242,28-abde55096461,45.375,113.675
2024-10-21 00:32:49.607792,28-abde55096461,44.0,111.2
2024-10-21 00:32:56.417026,28-abde55096461,42.875,109.175
2024-10-21 00:33:03.265564,28-abde55096461,41.875,107.375
2024-10-21 00:33:10.083760,28-abde55096461,41.0,105.8
2024-10-21 00:33:16.910592,28-abde55096461,40.187,104.3366
2024-10-21 00:33:23.733870,28-abde55096461,39.375,102.875
2024-10-21 00:33:30.560350,28-abde55096461,38.625,101.525
2024-10-21 00:33:37.389640,28-abde55096461,38.062,100.5116
2024-10-21 00:33:44.202354,28-abde55096461,38.062,100.5116
2024-10-21 00:33:51.040888,28-abde55096461,37.062,98.7116
2024-10-21 00:33:53.863059,28-abde55096461,36.875,98.375
2024-10-21 00:33:56.674027,28-abde55096461,36.625,97.925
2024-10-21 00:33:59.492486,28-abde55096461,36.375,97.47500000000001
2024-10-21 00:34:02.303092,28-abde55096461,36.125,97.025
2024-10-21 00:34:05.123163,28-abde55096461,35.875,96.575
2024-10-21 00:39:17.276660,28-abde55096461,30.0,86.0
2024-10-21 00:39:24.101752,28-abde55096461,29.937,85.8866
2024-10-21 00:39:30.914687,28-abde55096461,29.937,85.8866
2024-10-21 00:39:37.735129,28-abde55096461,30.062,86.11160000000001
2024-10-21 00:39:44.545223,28-abde55096461,30.125,86.225
2024-10-21 00:39:51.465543,28-abde55096461,30.125,86.225
2024-10-21 00:39:58.278725,28-abde55096461,30.375,86.67500000000001
2024-10-21 00:40:05.090382,28-abde55096461,30.5,86.9
2024-10-21 00:40:11.907934,28-abde55096461,30.562,87.0116
2024-10-21 00:40:18.728448,28-abde55096461,30.625,87.125
2024-10-21 00:40:25.539241,28-abde55096461,30.687,87.23660000000001
2024-10-21 00:40:32.352652,28-abde55096461,30.75,87.35
2024-10-21 00:40:39.173470,28-abde55096461,30.875,87.575
2024-10-21 00:40:45.997008,28-abde55096461,30.812,87.4616
2024-10-21 00:40:52.810284,28-abde55096461,30.687,87.23660000000001
2024-10-21 00:40:59.618206,28-abde55096461,30.625,87.125
2024-10-21 00:41:06.438141,28-abde55096461,30.5,86.9
2024-10-21 00:41:13.259654,28-abde55096461,30.437,86.78659999999999
2024-10-21 00:41:20.072974,28-abde55096461,30.375,86.67500000000001
2024-10-21 00:41:26.879697,28-abde55096461,30.312,86.5616
2024-10-21 00:41:33.698256,28-abde55096461,30.25,86.45
2024-10-21 00:41:40.516982,28-abde55096461,30.187,86.3366
2024-10-21 00:41:47.338194,28-abde55096461,30.187,86.3366
2024-10-21 00:41:54.162122,28-abde55096461,30.125,86.225
2024-10-21 00:42:01.002317,28-abde55096461,30.125,86.225
2024-10-21 00:42:07.809895,28-abde55096461,30.125,86.225
2024-10-21 00:42:14.625367,28-abde55096461,30.25,86.45
2024-10-21 00:42:21.440741,28-abde55096461,30.312,86.5616
2024-10-21 00:42:28.266163,28-abde55096461,30.375,86.67500000000001
2024-10-21 00:42:35.080548,28-abde55096461,30.375,86.67500000000001
2024-10-21 00:42:41.894121,28-abde55096461,30.437,86.78659999999999
2024-10-21 00:42:48.706381,28-abde55096461,30.5,86.9
2024-10-21 00:42:55.538198,28-abde55096461,30.437,86.78659999999999
2024-10-21 00:43:02.402377,28-abde55096461,30.375,86.67500000000001
2024-10-21 00:43:09.216716,28-abde55096461,30.312,86.5616
2024-10-21 00:43:16.034758,28-abde55096461,30.25,86.45
2024-10-21 00:43:22.847161,28-abde55096461,30.25,86.45
2024-10-21 00:43:29.667668,28-abde55096461,30.187,86.3366
2024-10-21 00:43:36.485645,28-abde55096461,30.125,86.225
2024-10-21 00:43:43.350415,28-abde55096461,30.125,86.225
2024-10-21 00:43:50.175457,28-abde55096461,30.125,86.225
2024-10-21 00:43:56.992462,28-abde55096461,30.125,86.225
2024-10-21 00:44:03.816989,28-abde55096461,30.125,86.225
2024-10-21 00:44:10.623070,28-abde55096461,30.062,86.11160000000001
2024-10-21 00:44:17.475646,28-abde55096461,30.062,86.11160000000001
2024-10-21 00:44:24.298749,28-abde55096461,30.0,86.0
2024-10-21 00:44:31.107327,28-abde55096461,30.0,86.0
2024-10-21 00:44:37.918886,28-abde55096461,30.0,86.0
2024-10-21 00:44:44.740657,28-abde55096461,30.0,86.0
2024-10-21 00:44:51.554440,28-abde55096461,30.0,86.0
2024-10-21 00:44:58.435585,28-abde55096461,29.937,85.8866
2024-10-21 00:45:05.256072,28-abde55096461,29.937,85.8866
2024-10-21 00:45:12.070260,28-abde55096461,29.937,85.8866
2024-10-21 00:45:18.882227,28-abde55096461,29.937,85.8866
2024-10-21 00:45:25.695575,28-abde55096461,30.0,86.0
2024-10-21 00:45:32.526172,28-abde55096461,30.125,86.225
2024-10-21 00:45:39.345461,28-abde55096461,30.625,87.125
2024-10-21 00:45:46.175256,28-abde55096461,30.562,87.0116
2024-10-21 00:45:53.002366,28-abde55096461,30.437,86.78659999999999
2024-10-21 00:45:59.815695,28-abde55096461,30.375,86.67500000000001
2024-10-21 00:46:06.629073,28-abde55096461,30.25,86.45
2024-10-21 00:46:13.442203,28-abde55096461,30.187,86.3366
2024-10-21 00:46:20.259288,28-abde55096461,30.125,86.225
2024-10-21 00:46:27.083238,28-abde55096461,30.062,86.11160000000001
2024-10-21 00:46:33.894187,28-abde55096461,30.062,86.11160000000001
2024-10-21 00:46:40.705836,28-abde55096461,30.0,86.0
2024-10-21 00:46:47.523056,28-abde55096461,30.0,86.0
2024-10-21 00:46:54.342109,28-abde55096461,29.875,85.775
2024-10-21 00:47:01.160751,28-abde55096461,29.875,85.775
2024-10-21 00:47:07.971442,28-abde55096461,29.875,85.775
2024-10-21 00:47:14.784592,28-abde55096461,29.875,85.775
2024-10-21 00:47:21.603684,28-abde55096461,29.875,85.775
2024-10-21 00:47:28.423049,28-abde55096461,29.875,85.775
2024-10-21 00:47:35.231184,28-abde55096461,29.875,85.775
2024-10-21 00:47:42.047710,28-abde55096461,29.875,85.775
2024-10-21 00:47:48.863235,28-abde55096461,29.875,85.775
2024-10-21 00:47:55.686318,28-abde55096461,29.875,85.775
2024-10-21 00:48:02.496546,28-abde55096461,29.812,85.66159999999999
2024-10-21 00:48:09.316550,28-abde55096461,29.812,85.66159999999999
2024-10-21 00:48:16.127154,28-abde55096461,29.812,85.66159999999999
2024-10-21 00:48:22.950245,28-abde55096461,29.812,85.66159999999999
2024-10-21 00:48:29.763289,28-abde55096461,29.812,85.66159999999999
2024-10-21 00:48:36.575954,28-abde55096461,29.812,85.66159999999999
2024-10-21 00:48:43.394306,28-abde55096461,29.812,85.66159999999999
2024-10-21 00:48:50.211071,28-abde55096461,29.75,85.55000000000001
2024-10-21 00:48:57.034380,28-abde55096461,29.75,85.55000000000001
2024-10-21 00:49:03.845303,28-abde55096461,29.75,85.55000000000001
2024-10-21 00:49:10.659503,28-abde55096461,29.75,85.55000000000001
2024-10-21 00:49:17.471304,28-abde55096461,29.75,85.55000000000001
2024-10-21 00:49:24.297670,28-abde55096461,29.75,85.55000000000001
2024-10-21 00:49:31.114202,28-abde55096461,29.75,85.55000000000001
2024-10-21 00:49:37.954201,28-abde55096461,29.75,85.55000000000001
2024-10-21 00:49:44.771446,28-abde55096461,29.75,85.55000000000001
2024-10-21 00:49:51.591300,28-abde55096461,29.75,85.55000000000001
2024-10-21 00:49:58.400022,28-abde55096461,29.75,85.55000000000001
2024-10-21 00:50:05.248368,28-abde55096461,29.687,85.4366
2024-10-21 00:50:12.080678,28-abde55096461,29.687,85.4366
2024-10-21 00:50:18.884944,28-abde55096461,29.75,85.55000000000001
2024-10-21 00:50:25.699092,28-abde55096461,29.812,85.66159999999999
2024-10-21 00:50:32.514934,28-abde55096461,29.937,85.8866
2024-10-21 00:50:39.379607,28-abde55096461,30.062,86.11160000000001
2024-10-21 00:50:46.243400,28-abde55096461,30.25,86.45
2024-10-21 00:50:53.065401,28-abde55096461,30.312,86.5616
2024-10-21 00:50:59.879676,28-abde55096461,30.5,86.9
2024-10-21 00:51:06.686997,28-abde55096461,30.5,86.9
2024-10-21 00:51:13.509067,28-abde55096461,30.437,86.78659999999999
2024-10-21 00:51:20.322188,28-abde55096461,30.312,86.5616
2024-10-21 00:51:27.143081,28-abde55096461,30.25,86.45
2024-10-21 00:51:33.951372,28-abde55096461,30.25,86.45
2024-10-21 00:51:40.767180,28-abde55096461,30.25,86.45
2024-10-21 00:51:47.587798,28-abde55096461,30.187,86.3366
2024-10-21 01:09:36.471810,28-abde55096461,29.75,85.55000000000001
2024-10-21 01:09:43.284656,28-abde55096461,29.75,85.55000000000001
2024-10-21 01:09:50.107510,28-abde55096461,29.75,85.55000000000001
2024-10-21 01:09:56.919896,28-abde55096461,29.75,85.55000000000001
2024-10-21 01:10:03.742358,28-abde55096461,29.75,85.55000000000001
2024-10-21 01:10:10.546453,28-abde55096461,29.75,85.55000000000001
2024-10-21 01:10:17.371899,28-abde55096461,29.75,85.55000000000001
2024-10-21 01:10:24.194419,28-abde55096461,29.75,85.55000000000001
2024-10-21 01:10:30.995360,28-abde55096461,29.75,85.55000000000001
2024-10-21 01:10:37.811291,28-abde55096461,29.75,85.55000000000001
2024-10-21 01:10:44.626564,28-abde55096461,29.75,85.55000000000001
2024-10-21 01:10:51.458290,28-abde55096461,29.75,85.55000000000001
2024-10-21 01:10:58.322212,28-abde55096461,29.75,85.55000000000001
2024-10-21 01:11:05.147565,28-abde55096461,29.75,85.55000000000001
2024-10-21 01:11:42.542596,28-abde55096461,29.75,85.55000000000001
2024-10-21 01:11:45.362683,28-abde55096461,29.75,85.55000000000001
2024-10-21 01:11:48.178319,28-abde55096461,29.812,85.66159999999999
2024-10-21 01:11:50.993954,28-abde55096461,29.75,85.55000000000001
2024-10-21 01:11:53.815791,28-abde55096461,29.75,85.55000000000001
2024-10-21 01:11:56.626518,28-abde55096461,29.812,85.66159999999999
2024-10-21 01:11:59.442806,28-abde55096461,29.75,85.55000000000001
2024-10-21 01:12:02.258189,28-abde55096461,29.812,85.66159999999999
2024-10-21 01:12:05.108540,28-abde55096461,29.812,85.66159999999999
2024-10-21 01:12:07.922712,28-abde55096461,29.812,85.66159999999999
2024-10-21 01:12:10.737708,28-abde55096461,29.812,85.66159999999999
2024-10-21 01:12:13.553953,28-abde55096461,29.812,85.66159999999999
2024-10-21 01:12:16.369736,28-abde55096461,29.812,85.66159999999999
2024-10-21 01:12:19.196753,28-abde55096461,29.812,85.66159999999999
2024-10-21 01:12:22.002148,28-abde55096461,29.812,85.66159999999999
2024-10-21 01:12:24.830473,28-abde55096461,29.812,85.66159999999999
2024-10-21 01:12:27.634200,28-abde55096461,29.812,85.66159999999999
2024-10-21 01:12:30.546736,28-abde55096461,29.812,85.66159999999999
2024-10-21 01:12:33.364362,28-abde55096461,29.812,85.66159999999999
2024-10-21 01:12:36.179925,28-abde55096461,29.812,85.66159999999999
2024-10-21 01:12:38.999925,28-abde55096461,29.812,85.66159999999999
2024-10-21 01:12:41.809701,28-abde55096461,29.812,85.66159999999999
2024-10-21 01:12:44.628318,28-abde55096461,29.812,85.66159999999999
2024-10-21 01:12:47.442290,28-abde55096461,29.812,85.66159999999999
2024-10-21 01:12:50.258167,28-abde55096461,29.812,85.66159999999999
2024-10-21 01:12:53.076362,28-abde55096461,29.812,85.66159999999999
2024-10-21 01:12:55.889976,28-abde55096461,29.812,85.66159999999999
2024-10-21 01:12:58.707198,28-abde55096461,29.812,85.66159999999999
2024-10-21 01:13:01.526317,28-abde55096461,29.812,85.66159999999999
2024-10-21 01:13:04.346184,28-abde55096461,29.812,85.66159999999999
2024-10-21 01:13:07.154067,28-abde55096461,29.812,85.66159999999999
2024-10-21 01:13:09.973148,28-abde55096461,29.812,85.66159999999999
2024-10-21 01:13:12.786218,28-abde55096461,29.812,85.66159999999999
2024-10-21 01:13:15.602121,28-abde55096461,29.812,85.66159999999999
2024-10-21 01:13:18.418040,28-abde55096461,29.812,85.66159999999999
2024-10-21 01:13:21.234066,28-abde55096461,29.812,85.66159999999999
2024-10-21 01:13:24.049934,28-abde55096461,29.812,85.66159999999999
2024-10-21 01:13:26.866080,28-abde55096461,29.812,85.66159999999999
2024-10-21 01:13:29.682116,28-abde55096461,29.812,85.66159999999999
2024-10-21 01:13:32.498131,28-abde55096461,29.812,85.66159999999999
2024-10-21 01:13:35.317639,28-abde55096461,29.812,85.66159999999999
2024-10-21 01:13:38.130156,28-abde55096461,29.812,85.66159999999999
2024-10-21 01:13:40.947305,28-abde55096461,29.812,85.66159999999999
2024-10-21 01:13:43.761711,28-abde55096461,29.812,85.66159999999999
2024-10-21 01:13:46.578572,28-abde55096461,29.75,85.55000000000001
2024-10-21 01:13:49.394131,28-abde55096461,29.812,85.66159999999999
2024-10-21 01:13:52.210105,28-abde55096461,29.812,85.66159999999999
2024-10-21 01:13:55.026177,28-abde55096461,29.812,85.66159999999999
2024-10-21 01:13:57.842093,28-abde55096461,29.812,85.66159999999999
2024-10-21 01:14:00.663326,28-abde55096461,29.812,85.66159999999999
2024-10-21 01:14:03.474051,28-abde55096461,29.812,85.66159999999999
2024-10-21 01:14:06.290908,28-abde55096461,29.812,85.66159999999999
2024-10-21 01:14:09.106094,28-abde55096461,29.812,85.66159999999999
2024-10-21 01:14:11.926439,28-abde55096461,29.812,85.66159999999999
2024-10-21 01:14:14.738140,28-abde55096461,29.812,85.66159999999999
2024-10-21 01:14:17.553898,28-abde55096461,29.812,85.66159999999999
2024-10-21 01:14:20.369683,28-abde55096461,29.812,85.66159999999999
2024-10-21 01:14:23.185651,28-abde55096461,29.812,85.66159999999999
2024-10-21 01:14:26.001636,28-abde55096461,29.812,85.66159999999999
2024-10-21 01:14:28.817866,28-abde55096461,29.812,85.66159999999999
2024-10-21 01:14:31.639950,28-abde55096461,29.812,85.66159999999999
2024-10-21 01:14:34.450157,28-abde55096461,29.812,85.66159999999999
2024-10-21 01:14:37.273485,28-abde55096461,29.812,85.66159999999999
2024-10-21 01:14:40.082089,28-abde55096461,29.812,85.66159999999999
2024-10-21 01:14:42.897700,28-abde55096461,29.812,85.66159999999999
2024-10-21 01:14:45.762181,28-abde55096461,29.812,85.66159999999999
2024-10-21 01:14:48.561879,28-abde55096461,29.812,85.66159999999999
2024-10-21 01:14:51.377916,28-abde55096461,29.812,85.66159999999999
2024-10-21 01:14:54.194994,28-abde55096461,29.812,85.66159999999999
2024-10-21 01:14:57.009760,28-abde55096461,29.812,85.66159999999999
2024-10-21 01:14:59.825891,28-abde55096461,29.812,85.66159999999999
2024-10-21 01:15:02.642158,28-abde55096461,29.812,85.66159999999999
2024-10-21 01:15:05.458131,28-abde55096461,29.812,85.66159999999999
2024-10-21 01:15:08.274037,28-abde55096461,29.812,85.66159999999999
2024-10-21 01:15:11.090205,28-abde55096461,29.812,85.66159999999999
2024-10-21 01:15:13.911312,28-abde55096461,29.812,85.66159999999999
2024-10-21 01:15:16.721713,28-abde55096461,29.812,85.66159999999999
2024-10-21 01:15:19.537698,28-abde55096461,29.812,85.66159999999999
2024-10-21 01:15:22.353650,28-abde55096461,29.75,85.55000000000001
2024-10-21 01:15:25.170523,28-abde55096461,29.812,85.66159999999999
2024-10-21 01:15:27.985948,28-abde55096461,29.812,85.66159999999999
2024-10-21 01:15:30.802015,28-abde55096461,29.812,85.66159999999999
2024-10-21 01:15:33.618095,28-abde55096461,29.812,85.66159999999999
2024-10-21 01:15:36.434038,28-abde55096461,29.812,85.66159999999999
2024-10-21 01:15:39.251457,28-abde55096461,29.812,85.66159999999999
2024-10-21 01:15:42.065764,28-abde55096461,29.812,85.66159999999999
2024-10-21 01:26:12.359472,28-abde55096461,29.812,85.66159999999999
2024-10-21 01:26:19.189195,28-abde55096461,29.875,85.775
2024-10-21 01:26:26.005974,28-abde55096461,29.875,85.775
2024-10-21 01:26:32.832232,28-abde55096461,29.875,85.775
2024-10-21 01:26:39.642402,28-abde55096461,29.875,85.775
2024-10-21 01:26:46.457334,28-abde55096461,29.937,85.8866
2024-10-21 01:26:53.274620,28-abde55096461,29.937,85.8866
2024-10-21 01:27:00.094387,28-abde55096461,29.875,85.775
2024-10-21 01:27:06.905672,28-abde55096461,29.937,85.8866
2024-10-21 01:27:13.718179,28-abde55096461,29.875,85.775
2024-10-21 01:27:20.531500,28-abde55096461,29.937,85.8866
2024-10-21 01:27:27.354296,28-abde55096461,29.937,85.8866
2024-10-21 01:27:34.175979,28-abde55096461,29.875,85.775
2024-10-21 01:27:40.988481,28-abde55096461,29.875,85.775
2024-10-21 01:27:47.797669,28-abde55096461,29.875,85.775
2024-10-21 01:27:54.616593,28-abde55096461,29.875,85.775
2024-10-21 01:28:01.428657,28-abde55096461,29.875,85.775
2024-10-21 01:28:08.248327,28-abde55096461,29.875,85.775
2024-10-21 01:28:15.062392,28-abde55096461,29.875,85.775
2024-10-21 01:28:21.886353,28-abde55096461,29.875,85.775
2024-10-21 01:28:28.699492,28-abde55096461,48.625,119.525
2024-10-21 01:28:35.515370,28-abde55096461,71.437,160.5866
2024-10-21 01:28:42.322223,28-abde55096461,67.25,153.05
2024-10-21 01:28:49.144010,28-abde55096461,60.312,140.5616
2024-10-21 01:28:55.976559,28-abde55096461,54.812,130.6616
2024-10-21 01:34:59.303136,28-abde55096461,50.812,123.4616
2024-10-21 01:35:23.132056,28-abde55096461,31.812,89.2616
2024-10-21 01:35:27.445146,28-abde55096461,31.75,89.15
2024-10-21 01:35:31.767892,28-abde55096461,31.625,88.92500000000001
2024-10-21 01:35:36.083869,28-abde55096461,31.375,88.475
2024-10-21 01:35:40.400373,28-abde55096461,31.25,88.25
2024-10-21 01:35:44.721704,28-abde55096461,31.062,87.91159999999999
2024-10-21 01:35:49.047262,28-abde55096461,31.0,87.80000000000001
2024-10-21 01:35:53.361492,28-abde55096461,30.875,87.575
2024-10-21 01:35:57.683940,28-abde55096461,30.812,87.4616
2024-10-21 01:36:02.010213,28-abde55096461,30.75,87.35
2024-10-21 01:36:06.327461,28-abde55096461,30.687,87.23660000000001
2024-10-21 01:36:10.646867,28-abde55096461,30.625,87.125
2024-10-21 01:36:14.960885,28-abde55096461,37.312,99.16159999999999
2024-10-21 01:36:38.806534,28-abde55096461,35.937,96.6866
2024-10-21 01:36:43.121280,28-abde55096461,35.312,95.5616
2024-10-21 01:36:47.439080,28-abde55096461,34.812,94.66159999999999
2024-10-21 01:36:51.760825,28-abde55096461,34.375,93.875
2024-10-21 01:36:56.080455,28-abde55096461,33.875,92.975
2024-10-21 01:37:00.402266,28-abde55096461,33.625,92.525
2024-10-21 01:37:04.724780,28-abde55096461,33.25,91.85
2024-10-21 01:37:09.040615,28-abde55096461,33.062,91.51159999999999
2024-10-21 01:37:13.362348,28-abde55096461,32.812,91.0616
2024-10-21 01:37:17.682073,28-abde55096461,32.562,90.6116
2024-10-21 01:37:22.009196,28-abde55096461,32.375,90.275
2024-10-21 01:37:26.326739,28-abde55096461,32.187,89.9366
2024-10-21 01:37:30.638770,28-abde55096461,32.062,89.7116
2024-10-21 01:37:34.958932,28-abde55096461,31.875,89.375
2024-10-21 01:37:39.280217,28-abde55096461,33.375,92.075
2024-10-21 01:37:43.626360,28-abde55096461,42.375,108.275
2024-10-21 01:38:07.458921,28-abde55096461,38.875,101.97500000000001
2024-10-21 01:38:31.263085,28-abde55096461,35.312,95.5616
2024-10-21 01:38:35.599754,28-abde55096461,34.875,94.775
2024-10-21 01:38:39.922431,28-abde55096461,34.5,94.1
2024-10-21 01:38:44.239929,28-abde55096461,34.125,93.42500000000001
2024-10-21 01:38:48.566679,28-abde55096461,33.812,92.8616
2024-10-21 01:38:52.898482,28-abde55096461,33.562,92.41159999999999
2024-10-21 01:38:57.198622,28-abde55096461,33.25,91.85
2024-10-21 01:39:01.526307,28-abde55096461,33.062,91.51159999999999
2024-10-21 01:39:05.843764,28-abde55096461,32.812,91.0616
2024-10-21 01:39:10.174384,28-abde55096461,32.625,90.725
2024-10-21 01:39:14.486789,28-abde55096461,32.5,90.5
2024-10-21 01:39:18.806310,28-abde55096461,32.312,90.16159999999999
2024-10-21 01:39:23.122307,28-abde55096461,32.187,89.9366
2024-10-21 01:39:27.444309,28-abde55096461,32.062,89.7116
2024-10-21 01:39:31.763223,28-abde55096461,32.062,89.7116
2024-10-21 01:39:36.083539,28-abde55096461,31.875,89.375
2024-10-21 01:39:40.404216,28-abde55096461,31.75,89.15
2024-10-21 01:39:44.738224,28-abde55096461,31.687,89.03659999999999
2024-10-21 01:39:49.040957,28-abde55096461,31.562,88.8116
2024-10-21 01:39:53.362880,28-abde55096461,31.5,88.7
2024-10-21 01:39:57.683374,28-abde55096461,31.75,89.15
2024-10-21 01:40:02.004291,28-abde55096461,37.312,99.16159999999999
2024-10-21 01:40:25.829924,28-abde55096461,34.812,94.66159999999999
2024-10-21 01:40:30.175148,28-abde55096461,34.375,93.875
2024-10-21 01:40:34.486286,28-abde55096461,34.0,93.2
2024-10-21 01:40:38.803706,28-abde55096461,33.625,92.525
2024-10-21 01:40:43.119869,28-abde55096461,33.312,91.9616
2024-10-21 01:40:47.454352,28-abde55096461,33.062,91.51159999999999
2024-10-21 01:40:51.771007,28-abde55096461,32.812,91.0616
2024-10-21 01:40:56.080267,28-abde55096461,32.562,90.6116
2024-10-21 01:41:00.399595,28-abde55096461,32.375,90.275
2024-10-21 01:41:04.726382,28-abde55096461,32.187,89.9366
2024-10-21 01:41:09.039014,28-abde55096461,32.062,89.7116
2024-10-21 01:41:13.366470,28-abde55096461,31.875,89.375
2024-10-21 01:41:17.679326,28-abde55096461,31.812,89.2616
2024-10-21 01:41:21.999180,28-abde55096461,31.687,89.03659999999999
2024-10-21 01:41:26.324792,28-abde55096461,31.562,88.8116
2024-10-21 01:41:30.639667,28-abde55096461,31.5,88.7
2024-10-21 01:41:34.960518,28-abde55096461,31.375,88.475
2024-10-21 01:41:39.279557,28-abde55096461,31.312,88.36160000000001
2024-10-21 01:41:43.626168,28-abde55096461,31.25,88.25
2024-10-21 01:41:47.958068,28-abde55096461,31.125,88.025
2024-10-21 01:41:52.281563,28-abde55096461,31.125,88.025
2024-10-21 01:41:56.597929,28-abde55096461,31.0,87.80000000000001
2024-10-21 01:42:00.910548,28-abde55096461,30.937,87.6866
2024-10-21 01:42:05.231139,28-abde55096461,30.875,87.575
2024-10-21 01:42:09.558801,28-abde55096461,30.875,87.575
2024-10-21 01:42:13.875329,28-abde55096461,30.812,87.4616
2024-10-21 01:42:18.194281,28-abde55096461,30.75,87.35
2024-10-21 01:42:22.520082,28-abde55096461,30.75,87.35
2024-10-21 01:42:26.842494,28-abde55096461,30.687,87.23660000000001
2024-10-21 01:42:31.153706,28-abde55096461,30.625,87.125
2024-10-21 01:42:35.481855,28-abde55096461,30.625,87.125
2024-10-21 01:42:39.816778,28-abde55096461,30.625,87.125
2024-10-21 01:42:44.146327,28-abde55096461,30.562,87.0116
2024-10-21 01:42:48.467171,28-abde55096461,30.5,86.9
2024-10-21 01:42:52.791759,28-abde55096461,30.5,86.9
2024-10-21 01:42:57.111777,28-abde55096461,30.5,86.9
2024-10-21 01:43:01.424683,28-abde55096461,30.5,86.9
2024-10-21 01:43:05.749290,28-abde55096461,30.5,86.9
2024-10-21 01:43:10.170280,28-abde55096461,30.437,86.78659999999999
2024-10-21 01:43:14.486066,28-abde55096461,30.437,86.78659999999999
2024-10-21 01:43:18.810359,28-abde55096461,30.437,86.78659999999999
2024-10-21 01:43:23.123948,28-abde55096461,30.375,86.67500000000001
2024-10-21 01:43:27.444478,28-abde55096461,30.375,86.67500000000001
2024-10-21 01:43:31.760015,28-abde55096461,30.375,86.67500000000001
2024-10-21 01:43:36.079281,28-abde55096461,30.375,86.67500000000001
2024-10-21 01:43:40.401152,28-abde55096461,30.375,86.67500000000001
2024-10-21 01:43:44.722358,28-abde55096461,30.375,86.67500000000001
2024-10-21 01:43:49.059032,28-abde55096461,30.312,86.5616
2024-10-21 01:43:53.435690,28-abde55096461,30.312,86.5616
2024-10-21 01:43:57.744834,28-abde55096461,30.312,86.5616
2024-10-21 01:44:02.067423,28-abde55096461,30.312,86.5616
2024-10-21 01:44:06.395048,28-abde55096461,30.312,86.5616
2024-10-21 01:44:10.718808,28-abde55096461,30.25,86.45
2024-10-21 01:44:15.030321,28-abde55096461,30.25,86.45
2024-10-21 01:44:19.349897,28-abde55096461,30.25,86.45
2024-10-21 01:44:23.663635,28-abde55096461,30.25,86.45
2024-10-21 01:44:27.998858,28-abde55096461,30.25,86.45
2024-10-21 01:44:32.318285,28-abde55096461,30.25,86.45
2024-10-21 01:44:36.659866,28-abde55096461,30.25,86.45
2024-10-21 01:44:40.980311,28-abde55096461,30.25,86.45
2024-10-21 01:44:45.303006,28-abde55096461,30.187,86.3366
2024-10-21 01:44:49.623510,28-abde55096461,30.187,86.3366
2024-10-21 01:44:53.955665,28-abde55096461,30.187,86.3366
2024-10-21 01:44:58.258279,28-abde55096461,30.187,86.3366
2024-10-21 01:45:02.583071,28-abde55096461,30.187,86.3366
2024-10-21 01:45:06.898366,28-abde55096461,30.187,86.3366
2024-10-21 01:45:11.215983,28-abde55096461,30.187,86.3366
2024-10-21 01:45:15.548311,28-abde55096461,30.187,86.3366
2024-10-21 01:45:19.858255,28-abde55096461,30.125,86.225
2024-10-21 01:45:24.175880,28-abde55096461,30.187,86.3366
2024-10-21 01:45:28.506318,28-abde55096461,30.187,86.3366
2024-10-21 01:45:32.826585,28-abde55096461,30.125,86.225
2024-10-21 01:45:37.141662,28-abde55096461,30.125,86.225
2024-10-21 01:45:41.455420,28-abde55096461,30.125,86.225
2024-10-21 01:45:45.805672,28-abde55096461,30.125,86.225
2024-10-21 01:45:50.128614,28-abde55096461,30.125,86.225
2024-10-21 01:45:54.450325,28-abde55096461,30.062,86.11160000000001
2024-10-21 01:45:58.767111,28-abde55096461,30.062,86.11160000000001
2024-10-21 01:46:03.092080,28-abde55096461,30.125,86.225
2024-10-21 01:46:07.406770,28-abde55096461,30.062,86.11160000000001
2024-10-21 01:46:11.735767,28-abde55096461,30.062,86.11160000000001
2024-10-21 01:46:16.051973,28-abde55096461,30.062,86.11160000000001
2024-10-21 01:46:20.372464,28-abde55096461,30.062,86.11160000000001
2024-10-21 01:46:24.690402,28-abde55096461,30.062,86.11160000000001
2024-10-21 01:46:29.015243,28-abde55096461,30.062,86.11160000000001
2024-10-21 01:46:33.346278,28-abde55096461,30.062,86.11160000000001
2024-10-21 01:46:37.657366,28-abde55096461,30.062,86.11160000000001
2024-10-21 01:46:41.968060,28-abde55096461,30.062,86.11160000000001
2024-10-21 01:46:46.309298,28-abde55096461,30.062,86.11160000000001
2024-10-21 01:46:50.607228,28-abde55096461,30.062,86.11160000000001
2024-10-21 01:46:54.928730,28-abde55096461,30.0,86.0
2024-10-21 01:46:59.246395,28-abde55096461,30.0,86.0
2024-10-21 01:47:03.567410,28-abde55096461,30.0,86.0
2024-10-21 01:47:07.892511,28-abde55096461,30.0,86.0
2024-10-21 01:47:12.212453,28-abde55096461,30.0,86.0
2024-10-21 01:47:16.530325,28-abde55096461,30.0,86.0
2024-10-21 01:47:20.847102,28-abde55096461,30.0,86.0
2024-10-21 01:47:25.174218,28-abde55096461,30.0,86.0
2024-10-21 01:47:29.489633,28-abde55096461,30.0,86.0
2024-10-21 01:47:33.815231,28-abde55096461,30.0,86.0
2024-10-21 01:47:38.127718,28-abde55096461,30.0,86.0
2024-10-21 01:47:42.458285,28-abde55096461,30.0,86.0
2024-10-21 01:47:46.774282,28-abde55096461,30.0,86.0
2024-10-21 01:47:51.090192,28-abde55096461,30.0,86.0
2024-10-21 01:47:55.409148,28-abde55096461,30.0,86.0
2024-10-21 01:47:59.726717,28-abde55096461,30.0,86.0
2024-10-21 01:48:04.048058,28-abde55096461,30.0,86.0
2024-10-21 01:48:08.367353,28-abde55096461,30.0,86.0
2024-10-21 01:48:12.689344,28-abde55096461,30.0,86.0
2024-10-21 01:48:17.008218,28-abde55096461,30.0,86.0
2024-10-21 01:48:21.333861,28-abde55096461,30.0,86.0
2024-10-21 01:48:25.648073,28-abde55096461,30.0,86.0
2024-10-21 01:48:29.971492,28-abde55096461,29.937,85.8866
2024-10-21 01:48:34.291369,28-abde55096461,29.937,85.8866
2024-10-21 01:48:38.622359,28-abde55096461,29.937,85.8866
2024-10-21 01:48:42.938284,28-abde55096461,30.0,86.0
2024-10-21 01:48:47.258304,28-abde55096461,29.937,85.8866
2024-10-21 01:48:51.571842,28-abde55096461,30.0,86.0
2024-10-21 01:48:55.888312,28-abde55096461,29.937,85.8866
2024-10-21 01:49:00.207552,28-abde55096461,29.937,85.8866
2024-10-21 01:49:04.536910,28-abde55096461,29.937,85.8866
2024-10-21 01:49:08.849366,28-abde55096461,29.937,85.8866
2024-10-21 01:49:13.167579,28-abde55096461,29.937,85.8866
2024-10-21 01:56:10.928888,28-abde55096461,32.562,90.6116
2024-10-21 01:56:15.247004,28-abde55096461,32.375,90.275
2024-10-21 02:53:13.899579,28-abde55096461,85.0,185.0
2024-10-21 02:53:37.732753,28-abde55096461,30.0,86.0
2024-10-21 02:53:42.043838,28-abde55096461,30.25,86.45
2024-10-21 02:53:46.372319,28-abde55096461,30.375,86.67500000000001
2024-10-21 02:53:50.684786,28-abde55096461,30.312,86.5616
2024-10-21 02:53:54.998074,28-abde55096461,30.312,86.5616
2024-10-21 02:53:59.328653,28-abde55096461,30.25,86.45
2024-10-21 02:54:03.654082,28-abde55096461,30.125,86.225
2024-10-21 02:54:07.987296,28-abde55096461,30.187,86.3366
2024-10-21 02:54:12.318240,28-abde55096461,30.125,86.225
2024-10-21 02:54:16.630078,28-abde55096461,30.125,86.225
2024-10-21 02:54:20.946880,28-abde55096461,30.125,86.225
2024-10-21 02:54:25.270133,28-abde55096461,30.125,86.225
2024-10-21 02:54:29.588936,28-abde55096461,30.125,86.225
2024-10-21 02:54:33.914136,28-abde55096461,30.125,86.225
2024-10-21 02:54:38.226561,28-abde55096461,30.125,86.225
2024-10-21 02:54:42.545983,28-abde55096461,30.125,86.225
2024-10-21 02:54:46.866488,28-abde55096461,30.125,86.225
2024-10-21 02:54:51.200226,28-abde55096461,30.125,86.225
2024-10-21 02:54:55.507760,28-abde55096461,30.125,86.225
2024-10-21 02:54:59.827521,28-abde55096461,30.125,86.225
2024-10-21 02:55:04.147027,28-abde55096461,30.125,86.225
2024-10-21 02:55:08.473424,28-abde55096461,30.125,86.225
2024-10-21 02:55:12.787210,28-abde55096461,30.062,86.11160000000001
2024-10-21 02:55:17.106201,28-abde55096461,30.062,86.11160000000001
2024-10-21 02:55:21.428399,28-abde55096461,30.062,86.11160000000001
2024-10-21 02:55:25.746050,28-abde55096461,30.062,86.11160000000001
2024-10-21 02:55:30.078063,28-abde55096461,30.062,86.11160000000001
2024-10-21 02:55:34.387678,28-abde55096461,30.062,86.11160000000001
2024-10-21 02:55:38.706652,28-abde55096461,30.062,86.11160000000001
2024-10-21 02:55:43.026048,28-abde55096461,30.062,86.11160000000001
2024-10-21 02:55:47.351116,28-abde55096461,30.062,86.11160000000001
2024-10-21 02:55:51.667162,28-abde55096461,30.062,86.11160000000001
2024-10-21 02:55:55.994142,28-abde55096461,30.062,86.11160000000001
2024-10-21 02:56:00.306604,28-abde55096461,30.062,86.11160000000001
2024-10-21 02:56:04.631185,28-abde55096461,30.062,86.11160000000001
2024-10-21 02:56:08.951505,28-abde55096461,30.062,86.11160000000001
2024-10-21 02:56:13.297874,28-abde55096461,30.062,86.11160000000001
2024-10-21 02:56:17.622628,28-abde55096461,30.062,86.11160000000001
2024-10-21 02:56:21.940419,28-abde55096461,30.062,86.11160000000001
2024-10-21 02:56:26.258196,28-abde55096461,30.062,86.11160000000001
2024-10-21 02:56:30.591432,28-abde55096461,30.062,86.11160000000001
2024-10-21 02:58:11.071317,28-abde55096461,30.062,86.11160000000001
2024-10-21 02:58:15.390407,28-abde55096461,30.062,86.11160000000001
2024-10-21 02:58:19.715531,28-abde55096461,30.062,86.11160000000001
2024-10-21 02:58:24.035617,28-abde55096461,30.062,86.11160000000001
2024-10-21 02:58:28.350075,28-abde55096461,30.062,86.11160000000001
2024-10-21 02:58:32.671567,28-abde55096461,30.062,86.11160000000001
2024-10-21 02:58:36.988357,28-abde55096461,30.062,86.11160000000001
2024-10-21 02:58:41.319008,28-abde55096461,30.062,86.11160000000001
2024-10-21 02:58:45.631627,28-abde55096461,30.062,86.11160000000001
2024-10-21 02:58:50.022825,28-abde55096461,30.062,86.11160000000001
2024-10-21 02:58:54.339119,28-abde55096461,30.062,86.11160000000001
2024-10-21 02:58:58.652760,28-abde55096461,30.062,86.11160000000001
2024-10-21 02:59:02.986743,28-abde55096461,30.062,86.11160000000001
2024-10-21 02:59:07.356839,28-abde55096461,30.062,86.11160000000001
2024-10-21 02:59:11.675321,28-abde55096461,30.062,86.11160000000001
2024-10-21 02:59:15.997617,28-abde55096461,30.062,86.11160000000001
2024-10-21 02:59:20.317925,28-abde55096461,30.062,86.11160000000001
2024-10-21 02:59:24.636651,28-abde55096461,30.062,86.11160000000001
2024-10-21 02:59:28.961249,28-abde55096461,30.062,86.11160000000001
2024-10-21 02:59:33.277561,28-abde55096461,30.062,86.11160000000001
2024-10-21 02:59:37.596580,28-abde55096461,30.062,86.11160000000001
2024-10-21 02:59:41.919529,28-abde55096461,30.062,86.11160000000001
2024-10-21 02:59:46.243465,28-abde55096461,30.062,86.11160000000001
2024-10-21 02:59:50.562211,28-abde55096461,30.062,86.11160000000001
2024-10-21 02:59:54.875731,28-abde55096461,30.062,86.11160000000001
2024-10-21 02:59:59.195981,28-abde55096461,30.0,86.0
2024-10-21 03:00:03.523641,28-abde55096461,30.062,86.11160000000001
2024-10-21 03:00:07.843492,28-abde55096461,30.062,86.11160000000001
2024-10-21 03:00:12.157746,28-abde55096461,30.062,86.11160000000001
2024-10-21 03:00:16.476276,28-abde55096461,30.062,86.11160000000001
2024-10-21 03:00:20.797667,28-abde55096461,30.0,86.0
2024-10-21 03:00:25.116566,28-abde55096461,30.0,86.0
2024-10-21 03:00:29.437329,28-abde55096461,30.0,86.0
2024-10-21 03:00:33.757665,28-abde55096461,30.0,86.0
2024-10-21 03:00:38.076514,28-abde55096461,30.062,86.11160000000001
2024-10-21 03:00:42.402612,28-abde55096461,30.0,86.0
2024-10-21 03:00:46.722824,28-abde55096461,30.0,86.0
2024-10-21 03:00:51.036827,28-abde55096461,30.062,86.11160000000001
2024-10-21 03:00:55.356033,28-abde55096461,30.062,86.11160000000001
2024-10-21 03:00:59.684885,28-abde55096461,30.0,86.0
2024-10-21 03:56:49.099016,28-abde55096461,30.062,86.11160000000001
2024-10-21 03:56:51.903402,28-abde55096461,30.062,86.11160000000001
2024-10-21 03:56:54.719719,28-abde55096461,30.062,86.11160000000001
2024-10-21 03:56:57.535311,28-abde55096461,30.062,86.11160000000001
2024-10-21 03:57:00.351380,28-abde55096461,30.062,86.11160000000001
2024-10-21 03:57:21.499262,28-abde55096461,30.062,86.11160000000001
2024-10-21 03:57:24.319849,28-abde55096461,30.062,86.11160000000001
2024-10-21 03:57:27.136041,28-abde55096461,30.062,86.11160000000001
2024-10-21 03:57:29.950872,28-abde55096461,30.062,86.11160000000001
2024-10-21 03:57:32.767001,28-abde55096461,30.062,86.11160000000001
2024-10-21 03:57:35.583589,28-abde55096461,30.125,86.225
2024-10-21 03:57:38.399195,28-abde55096461,30.125,86.225
2024-10-21 03:57:41.214883,28-abde55096461,30.125,86.225
2024-10-21 03:57:44.031312,28-abde55096461,30.312,86.5616
2024-10-21 03:57:46.851917,28-abde55096461,30.375,86.67500000000001
2024-10-21 03:57:49.662874,28-abde55096461,30.5,86.9
2024-10-21 03:57:52.481761,28-abde55096461,30.5,86.9
2024-10-21 03:57:55.299277,28-abde55096461,30.562,87.0116
2024-10-21 03:57:58.113762,28-abde55096461,30.625,87.125
2024-10-21 09:41:11.738707,28-abde55096461,29.687,85.4366
2024-10-21 09:41:16.058136,28-abde55096461,29.687,85.4366
2024-10-21 09:41:20.378345,28-abde55096461,29.687,85.4366
2024-10-21 09:41:24.698546,28-abde55096461,29.687,85.4366
2024-10-21 09:41:29.022706,28-abde55096461,29.687,85.4366
2024-10-21 09:41:33.334547,28-abde55096461,29.812,85.66159999999999
2024-10-21 09:41:37.661429,28-abde55096461,30.0,86.0
2024-10-21 09:41:41.977128,28-abde55096461,30.125,86.225
2024-10-21 09:41:46.300791,28-abde55096461,30.375,86.67500000000001
2024-10-21 09:41:50.621568,28-abde55096461,30.625,87.125
2024-10-21 09:41:54.943042,28-abde55096461,31.0,87.80000000000001
2024-10-21 09:41:59.255889,28-abde55096461,31.312,88.36160000000001
2024-10-21 09:42:03.578017,28-abde55096461,31.562,88.8116
2024-10-21 09:42:07.904582,28-abde55096461,31.625,88.92500000000001
2024-10-21 09:42:12.221536,28-abde55096461,31.75,89.15
2024-10-21 09:42:16.570280,28-abde55096461,31.875,89.375
2024-10-21 09:42:20.888292,28-abde55096461,31.812,89.2616
2024-10-21 09:42:25.206498,28-abde55096461,31.812,89.2616
2024-10-21 09:42:29.540342,28-abde55096461,31.812,89.2616
2024-10-21 09:42:33.845500,28-abde55096461,31.75,89.15
2024-10-21 09:42:38.168515,28-abde55096461,31.75,89.15
2024-10-21 09:42:42.490129,28-abde55096461,31.75,89.15
2024-10-21 09:42:46.808032,28-abde55096461,31.75,89.15
2024-10-21 09:42:51.130153,28-abde55096461,31.812,89.2616
2024-10-21 09:42:55.455748,28-abde55096461,31.812,89.2616
2024-10-21 09:42:59.766165,28-abde55096461,31.812,89.2616
2024-10-21 09:43:04.085869,28-abde55096461,31.875,89.375
2024-10-21 09:43:08.417689,28-abde55096461,31.812,89.2616
2024-10-21 09:43:12.727826,28-abde55096461,31.875,89.375
2024-10-21 09:43:17.051013,28-abde55096461,31.875,89.375
2024-10-21 09:43:21.365354,28-abde55096461,31.875,89.375
2024-10-21 09:43:25.697214,28-abde55096461,31.875,89.375
2024-10-21 09:43:30.012548,28-abde55096461,31.875,89.375
2024-10-21 09:43:34.333794,28-abde55096461,31.875,89.375
2024-10-21 09:43:38.650496,28-abde55096461,31.875,89.375
2024-10-21 09:43:42.967624,28-abde55096461,31.875,89.375
2024-10-21 09:43:47.290553,28-abde55096461,31.875,89.375
2024-10-21 09:43:51.605732,28-abde55096461,31.875,89.375
2024-10-21 09:43:55.926964,28-abde55096461,31.875,89.375
2024-10-21 09:44:00.279588,28-abde55096461,31.875,89.375
2024-10-21 09:44:04.597744,28-abde55096461,31.875,89.375
2024-10-21 09:44:08.927752,28-abde55096461,31.875,89.375
2024-10-21 09:44:13.243848,28-abde55096461,31.875,89.375
2024-10-21 09:44:17.562908,28-abde55096461,31.937,89.48660000000001
2024-10-21 09:44:21.889685,28-abde55096461,31.937,89.48660000000001
2024-10-21 09:44:26.198391,28-abde55096461,31.937,89.48660000000001
2024-10-21 09:44:30.527382,28-abde55096461,31.937,89.48660000000001
2024-10-21 09:44:34.851731,28-abde55096461,31.937,89.48660000000001
2024-10-21 09:44:39.159668,28-abde55096461,31.937,89.48660000000001
2024-10-21 09:44:43.481885,28-abde55096461,32.0,89.6
2024-10-21 09:44:47.830903,28-abde55096461,31.937,89.48660000000001
2024-10-21 09:44:52.152067,28-abde55096461,32.0,89.6
2024-10-21 09:44:56.485645,28-abde55096461,32.0,89.6
2024-10-21 09:45:00.789874,28-abde55096461,32.062,89.7116
2024-10-21 09:45:05.110825,28-abde55096461,32.062,89.7116
2024-10-21 09:45:09.439838,28-abde55096461,32.062,89.7116
2024-10-21 09:52:36.861579,28-abde55096461,30.937,87.6866
2024-10-21 09:52:41.211763,28-abde55096461,30.875,87.575
2024-10-21 09:52:45.530277,28-abde55096461,30.937,87.6866
2024-10-21 09:52:49.851725,28-abde55096461,31.0,87.80000000000001
2024-10-21 09:52:54.166388,28-abde55096461,31.062,87.91159999999999
2024-10-21 09:52:58.489636,28-abde55096461,31.062,87.91159999999999
2024-10-21 09:53:02.821210,28-abde55096461,31.125,88.025
2024-10-21 09:53:07.129695,28-abde55096461,31.062,87.91159999999999
2024-10-21 09:53:11.446297,28-abde55096461,31.0,87.80000000000001
2024-10-21 09:53:15.784913,28-abde55096461,30.937,87.6866
2024-10-21 09:53:20.089445,28-abde55096461,30.875,87.575
2024-10-21 09:53:24.416762,28-abde55096461,30.812,87.4616
2024-10-21 09:53:28.725751,28-abde55096461,30.75,87.35
2024-10-21 09:53:33.045824,28-abde55096461,30.75,87.35
2024-10-21 09:53:37.369823,28-abde55096461,30.625,87.125
2024-10-21 09:53:41.691488,28-abde55096461,30.625,87.125
2024-10-21 09:53:46.011652,28-abde55096461,30.562,87.0116
2024-10-21 09:53:50.325598,28-abde55096461,30.5,86.9
2024-10-21 09:53:54.646826,28-abde55096461,30.437,86.78659999999999
2024-10-21 09:53:58.969450,28-abde55096461,30.437,86.78659999999999
2024-10-21 09:54:03.285194,28-abde55096461,30.437,86.78659999999999
2024-10-21 09:54:07.605384,28-abde55096461,30.375,86.67500000000001
2024-10-21 09:54:11.925321,28-abde55096461,30.375,86.67500000000001
2024-10-21 09:54:16.249002,28-abde55096461,30.312,86.5616
2024-10-21 09:54:20.565285,28-abde55096461,30.25,86.45
2024-10-21 09:54:24.888763,28-abde55096461,30.25,86.45
2024-10-21 09:54:29.205247,28-abde55096461,30.25,86.45
2024-10-21 09:54:33.533771,28-abde55096461,30.125,86.225
2024-10-21 09:54:37.849515,28-abde55096461,30.125,86.225
2024-10-21 09:54:42.165467,28-abde55096461,30.125,86.225
2024-10-21 09:54:46.485938,28-abde55096461,30.125,86.225
2024-10-21 09:54:50.806377,28-abde55096461,30.125,86.225
2024-10-21 09:54:55.130353,28-abde55096461,30.125,86.225
2024-10-21 09:54:59.453448,28-abde55096461,30.125,86.225
2024-10-21 09:55:03.768182,28-abde55096461,30.125,86.225
2024-10-21 09:55:08.086090,28-abde55096461,30.125,86.225
2024-10-21 09:55:12.417580,28-abde55096461,30.125,86.225
2024-10-21 09:55:16.730783,28-abde55096461,30.125,86.225
2024-10-21 09:55:21.055639,28-abde55096461,30.125,86.225
2024-10-21 09:55:25.366028,28-abde55096461,30.125,86.225
2024-10-21 09:55:29.694817,28-abde55096461,30.125,86.225
2024-10-21 09:55:34.013917,28-abde55096461,30.312,86.5616
2024-10-21 09:55:38.330971,28-abde55096461,30.562,87.0116
2024-10-21 09:55:42.650450,28-abde55096461,30.625,87.125
2024-10-21 09:55:46.965344,28-abde55096461,30.625,87.125
2024-10-21 09:55:51.288214,28-abde55096461,30.562,87.0116
2024-10-21 09:55:55.607725,28-abde55096461,30.5,86.9
2024-10-21 09:55:59.925673,28-abde55096461,30.437,86.78659999999999
2024-10-21 09:56:04.251080,28-abde55096461,30.375,86.67500000000001
2024-10-21 09:56:08.565635,28-abde55096461,30.375,86.67500000000001
2024-10-21 09:56:12.886640,28-abde55096461,30.312,86.5616
2024-10-21 09:56:17.205280,28-abde55096461,30.312,86.5616
2024-10-21 09:56:21.525219,28-abde55096461,30.25,86.45
2024-10-21 09:56:25.845291,28-abde55096461,30.187,86.3366
2024-10-21 09:56:30.166383,28-abde55096461,30.125,86.225
2024-10-21 09:56:34.485520,28-abde55096461,30.125,86.225
2024-10-21 09:56:38.805307,28-abde55096461,30.125,86.225
2024-10-21 09:56:43.125180,28-abde55096461,30.125,86.225
2024-10-21 09:56:47.445271,28-abde55096461,30.125,86.225
2024-10-21 09:56:51.774218,28-abde55096461,30.125,86.225
2024-10-21 09:56:56.094644,28-abde55096461,30.125,86.225
2024-10-21 09:57:00.407653,28-abde55096461,30.125,86.225
2024-10-21 09:57:04.728065,28-abde55096461,30.125,86.225
2024-10-21 09:57:09.052546,28-abde55096461,34.062,93.3116
2024-10-21 09:57:13.379651,28-abde55096461,49.125,120.425
2024-10-21 09:57:37.193591,28-abde55096461,57.125,134.825
2024-10-21 09:58:00.996406,28-abde55096461,41.812,107.2616
2024-10-21 10:00:51.482850,28-abde55096461,30.125,86.225
2024-10-21 10:00:55.787662,28-abde55096461,30.125,86.225
2024-10-21 10:01:00.109625,28-abde55096461,30.125,86.225
2024-10-21 10:01:04.429366,28-abde55096461,30.125,86.225
2024-10-21 10:01:08.747650,28-abde55096461,30.125,86.225
2024-10-21 10:01:13.077619,28-abde55096461,30.125,86.225
2024-10-21 10:01:17.397625,28-abde55096461,30.125,86.225
2024-10-21 10:01:21.711069,28-abde55096461,30.125,86.225
2024-10-21 10:01:26.025950,28-abde55096461,30.125,86.225
2024-10-21 10:01:30.345656,28-abde55096461,30.125,86.225
2024-10-21 10:01:34.677975,28-abde55096461,30.125,86.225
2024-10-21 10:01:38.997644,28-abde55096461,30.125,86.225
2024-10-21 10:01:43.305949,28-abde55096461,30.125,86.225
2024-10-21 10:01:47.625963,28-abde55096461,30.125,86.225
2024-10-21 10:01:51.958842,28-abde55096461,30.125,86.225
2024-10-21 10:01:56.267156,28-abde55096461,30.125,86.225
2024-10-21 10:02:00.588180,28-abde55096461,30.125,86.225
2024-10-21 10:02:04.908276,28-abde55096461,30.125,86.225
2024-10-21 10:02:09.229635,28-abde55096461,30.312,86.5616
2024-10-21 10:02:13.545978,28-abde55096461,30.625,87.125
2024-10-21 10:02:17.874784,28-abde55096461,30.75,87.35
2024-10-21 10:02:22.188744,28-abde55096461,30.812,87.4616
2024-10-21 10:02:26.506472,28-abde55096461,30.875,87.575
2024-10-21 10:02:30.830982,28-abde55096461,30.937,87.6866
2024-10-21 10:02:35.148898,28-abde55096461,31.0,87.80000000000001
2024-10-21 10:02:39.476155,28-abde55096461,31.062,87.91159999999999
2024-10-21 10:02:43.793740,28-abde55096461,31.125,88.025
2024-10-21 10:02:48.109900,28-abde55096461,31.125,88.025
2024-10-21 10:02:52.436123,28-abde55096461,31.25,88.25
2024-10-21 10:02:56.758705,28-abde55096461,31.312,88.36160000000001
2024-10-21 10:03:01.076648,28-abde55096461,31.312,88.36160000000001
2024-10-21 10:03:05.389614,28-abde55096461,31.375,88.475
2024-10-21 10:03:09.706280,28-abde55096461,31.5,88.7
2024-10-21 10:03:14.034900,28-abde55096461,31.75,89.15
2024-10-21 10:03:18.345631,28-abde55096461,31.875,89.375
2024-10-21 10:03:22.670778,28-abde55096461,31.937,89.48660000000001
2024-10-21 10:03:26.989940,28-abde55096461,32.0,89.6
2024-10-21 10:03:31.316552,28-abde55096461,32.062,89.7116
2024-10-21 10:03:35.637079,28-abde55096461,32.187,89.9366
2024-10-21 10:03:39.993424,28-abde55096461,32.312,90.16159999999999
2024-10-21 10:03:44.308247,28-abde55096461,32.375,90.275
2024-10-21 10:03:48.620134,28-abde55096461,32.5,90.5
2024-10-21 10:03:52.941549,28-abde55096461,32.625,90.725
2024-10-21 10:03:57.301162,28-abde55096461,32.687,90.8366
2024-10-21 10:04:01.612768,28-abde55096461,32.687,90.8366
2024-10-21 10:04:05.939230,28-abde55096461,32.687,90.8366
2024-10-21 10:04:10.255527,28-abde55096461,32.812,91.0616
2024-10-21 10:04:14.577679,28-abde55096461,32.812,91.0616
2024-10-21 10:06:05.406066,28-abde55096461,32.812,91.0616
2024-10-21 10:06:09.726763,28-abde55096461,32.812,91.0616
2024-10-21 10:06:14.046085,28-abde55096461,32.875,91.17500000000001
2024-10-21 10:06:18.367093,28-abde55096461,32.875,91.17500000000001
2024-10-21 10:06:22.690703,28-abde55096461,32.937,91.28659999999999
2024-10-21 10:06:27.014086,28-abde55096461,32.937,91.28659999999999
2024-10-21 10:06:31.327792,28-abde55096461,32.937,91.28659999999999
2024-10-21 10:06:35.653027,28-abde55096461,33.0,91.4
2024-10-21 10:06:39.966029,28-abde55096461,33.0,91.4
2024-10-21 10:06:44.302562,28-abde55096461,33.0,91.4
2024-10-21 10:06:48.617535,28-abde55096461,33.0,91.4
2024-10-21 10:06:52.927642,28-abde55096461,33.062,91.51159999999999
2024-10-21 10:06:57.251129,28-abde55096461,33.125,91.625
2024-10-21 10:07:01.567389,28-abde55096461,33.125,91.625
2024-10-21 10:07:05.922160,28-abde55096461,33.125,91.625
2024-10-21 10:07:10.241154,28-abde55096461,33.125,91.625
2024-10-21 10:07:14.560125,28-abde55096461,33.125,91.625
2024-10-21 10:07:18.893264,28-abde55096461,33.125,91.625
2024-10-21 10:07:23.207001,28-abde55096461,33.125,91.625
2024-10-21 10:07:27.520022,28-abde55096461,33.125,91.625
2024-10-21 10:07:31.838830,28-abde55096461,33.187,91.7366
2024-10-21 10:07:36.159127,28-abde55096461,33.187,91.7366
2024-10-21 10:07:40.479602,28-abde55096461,33.25,91.85
2024-10-21 10:07:44.797877,28-abde55096461,33.25,91.85
2024-10-21 10:07:49.121933,28-abde55096461,33.312,91.9616
2024-10-21 10:07:53.441706,28-abde55096461,33.312,91.9616
2024-10-21 10:07:57.762526,28-abde55096461,33.312,91.9616
2024-10-21 10:08:02.103887,28-abde55096461,33.187,91.7366
2024-10-21 10:08:06.438099,28-abde55096461,33.125,91.625
2024-10-21 10:08:10.753922,28-abde55096461,33.062,91.51159999999999
2024-10-21 10:08:15.074462,28-abde55096461,33.0,91.4
2024-10-21 10:08:19.398739,28-abde55096461,33.0,91.4
2024-10-21 10:08:23.710577,28-abde55096461,32.875,91.17500000000001
2024-10-21 10:08:28.047544,28-abde55096461,32.875,91.17500000000001
2024-10-21 10:08:32.387019,28-abde55096461,32.812,91.0616
2024-10-21 10:08:36.718637,28-abde55096461,32.812,91.0616
2024-10-21 10:08:41.034086,28-abde55096461,32.75,90.95
2024-10-21 10:08:45.350464,28-abde55096461,32.687,90.8366
2024-10-21 10:08:49.682151,28-abde55096461,32.625,90.725
2024-10-21 10:08:53.987080,28-abde55096461,32.625,90.725
2024-10-21 10:08:58.306830,28-abde55096461,32.625,90.725
2024-10-21 10:09:02.630779,28-abde55096461,32.5,90.5
2024-10-21 10:09:06.974637,28-abde55096461,32.5,90.5
2024-10-21 10:09:11.306512,28-abde55096461,32.375,90.275
2024-10-21 10:09:15.614564,28-abde55096461,32.312,90.16159999999999
2024-10-21 10:09:19.938212,28-abde55096461,32.25,90.05000000000001
2024-10-21 10:09:24.256675,28-abde55096461,32.125,89.825
2024-10-21 10:09:28.580102,28-abde55096461,32.062,89.7116
2024-10-21 10:09:32.905235,28-abde55096461,31.937,89.48660000000001
2024-10-21 10:09:37.217969,28-abde55096461,31.875,89.375
2024-10-21 10:09:41.540165,28-abde55096461,31.812,89.2616
2024-10-21 10:09:45.865915,28-abde55096461,31.812,89.2616
2024-10-21 10:09:50.174057,28-abde55096461,31.812,89.2616
2024-10-21 10:09:54.499182,28-abde55096461,31.812,89.2616
2024-10-21 10:09:58.815272,28-abde55096461,31.812,89.2616
2024-10-21 10:10:03.133757,28-abde55096461,31.812,89.2616
2024-10-21 10:10:07.454804,28-abde55096461,31.812,89.2616
2024-10-21 10:10:11.783163,28-abde55096461,31.687,89.03659999999999
2024-10-21 10:10:16.093838,28-abde55096461,31.625,88.92500000000001
2024-10-21 10:10:20.427437,28-abde55096461,31.562,88.8116
2024-10-21 10:10:24.736512,28-abde55096461,31.5,88.7
2024-10-21 10:10:29.056637,28-abde55096461,31.437,88.5866
2024-10-21 10:10:33.377103,28-abde55096461,31.375,88.475
2024-10-21 10:10:37.708723,28-abde55096461,31.375,88.475
2024-10-21 10:10:42.022666,28-abde55096461,31.312,88.36160000000001
2024-10-21 10:10:46.336061,28-abde55096461,31.312,88.36160000000001
2024-10-21 10:10:50.667456,28-abde55096461,31.312,88.36160000000001
2024-10-21 10:10:54.989358,28-abde55096461,31.187,88.1366
2024-10-21 10:10:59.295367,28-abde55096461,31.125,88.025
2024-10-21 10:11:03.618472,28-abde55096461,31.125,88.025
2024-10-21 10:11:07.935025,28-abde55096461,31.062,87.91159999999999
2024-10-21 10:11:12.259645,28-abde55096461,31.062,87.91159999999999
2024-10-21 10:11:16.584522,28-abde55096461,31.062,87.91159999999999
2024-10-21 10:11:20.899716,28-abde55096461,31.0,87.80000000000001
2024-10-21 10:11:25.214235,28-abde55096461,31.0,87.80000000000001
2024-10-21 10:11:29.540288,28-abde55096461,31.0,87.80000000000001
2024-10-21 10:11:33.855049,28-abde55096461,31.0,87.80000000000001
2024-10-21 10:11:38.178073,28-abde55096461,31.062,87.91159999999999
2024-10-21 10:11:42.496088,28-abde55096461,31.062,87.91159999999999
2024-10-21 10:11:46.824869,28-abde55096461,31.187,88.1366
2024-10-21 10:11:51.147694,28-abde55096461,31.625,88.92500000000001
2024-10-21 10:11:55.454157,28-abde55096461,32.0,89.6
2024-10-21 10:11:59.782086,28-abde55096461,32.25,90.05000000000001
2024-10-21 10:12:04.094317,28-abde55096461,32.5,90.5
2024-10-21 10:12:08.415731,28-abde55096461,32.625,90.725
2024-10-21 10:12:12.735016,28-abde55096461,32.687,90.8366
2024-10-21 10:12:17.064591,28-abde55096461,32.687,90.8366
2024-10-21 10:12:21.381956,28-abde55096461,32.625,90.725
2024-10-21 10:12:25.695897,28-abde55096461,32.625,90.725
2024-10-21 10:12:30.017942,28-abde55096461,32.625,90.725
2024-10-21 10:12:34.351374,28-abde55096461,32.562,90.6116
2024-10-21 10:12:38.653766,28-abde55096461,32.562,90.6116
2024-10-21 10:12:42.980019,28-abde55096461,32.5,90.5
2024-10-21 10:12:47.294398,28-abde55096461,32.375,90.275
2024-10-21 10:12:51.617576,28-abde55096461,32.375,90.275
2024-10-21 10:12:55.944700,28-abde55096461,32.312,90.16159999999999
2024-10-21 10:13:00.254307,28-abde55096461,32.25,90.05000000000001
2024-10-21 10:13:04.580987,28-abde55096461,32.187,89.9366
2024-10-21 10:13:08.896143,28-abde55096461,32.062,89.7116
2024-10-21 10:13:13.215204,28-abde55096461,32.062,89.7116
2024-10-21 10:13:17.541828,28-abde55096461,32.0,89.6
2024-10-21 10:13:21.867634,28-abde55096461,31.937,89.48660000000001
2024-10-21 10:13:26.183285,28-abde55096461,31.875,89.375
2024-10-21 10:13:30.494974,28-abde55096461,31.812,89.2616
2024-10-21 10:13:34.813999,28-abde55096461,31.812,89.2616
2024-10-21 10:13:39.141048,28-abde55096461,31.75,89.15
2024-10-21 10:13:43.454515,28-abde55096461,31.75,89.15
2024-10-21 10:13:47.780437,28-abde55096461,31.625,88.92500000000001
2024-10-21 10:13:52.097117,28-abde55096461,31.625,88.92500000000001
2024-10-21 10:13:56.414751,28-abde55096461,31.562,88.8116
2024-10-21 10:14:00.735188,28-abde55096461,31.562,88.8116
2024-10-21 10:14:05.057443,28-abde55096461,31.5,88.7
2024-10-21 10:14:09.378146,28-abde55096461,31.437,88.5866
2024-10-21 10:14:13.694420,28-abde55096461,31.375,88.475
2024-10-21 10:14:18.018879,28-abde55096461,31.375,88.475
2024-10-21 10:14:22.339253,28-abde55096461,31.375,88.475
2024-10-21 10:14:26.657099,28-abde55096461,31.312,88.36160000000001
2024-10-21 10:14:30.974255,28-abde55096461,31.312,88.36160000000001
2024-10-21 10:14:35.295099,28-abde55096461,31.312,88.36160000000001
2024-10-21 10:14:39.619533,28-abde55096461,31.312,88.36160000000001
2024-10-21 10:14:43.934572,28-abde55096461,31.312,88.36160000000001
2024-10-21 10:14:48.261778,28-abde55096461,31.312,88.36160000000001
2024-10-21 10:14:52.577599,28-abde55096461,31.25,88.25
2024-10-21 10:14:56.894742,28-abde55096461,31.187,88.1366
2024-10-21 10:15:01.220891,28-abde55096461,31.187,88.1366
2024-10-21 10:15:05.542444,28-abde55096461,31.187,88.1366
2024-10-21 10:15:09.865928,28-abde55096461,31.125,88.025
